,Position,Company,Location,State,Address
0,Contractor,"Pyramid Consulting, Inc","St. Louis, MO",MO,"St.Louis,"
1,Full-Time,Kimberly Clark,"Neenah, WI",WI,"Neenah,"
2,Full-Time,HireNetworks,"Lexington, SC",SC,"Lexington,"
3,Full-Time | Pay: $130k - $160k/year,CyberCoders,"San Francisco, CA


View 21 more",CA,"Lexington,SanFrancisco,Viewmore"
4,Full-Time,"MISource, Inc","Tampa, FL",FL,"Tampa,"
5,Contractor,IDR,"Dallas, TX


View 2 more",TX,"Tampa,Dallas,View2more"
6,Full-Time,Robert Half Technology,"New York, NY


View 7 more",NY,"Tampa,Dallas,View2moreNewYork,View7more"
7,Full-Time,Jackson Lewis P.C.,"58 South Service Road

Melville, NY",NY,"Tampa,Dallas,View2moreNewYork,View7moreSouthServiceRoadMelville,"
8,Contractor,Confidential,"Burbank, CA",CA,"Burbank,"
9,Full-Time,Principle Solutions Group,"Atlanta, GA


View 1 more",GA,"Burbank,Atlanta,View1more"
10,Full-Time | Pay: $95k - $100k/year,Resultz,"Atlanta, SC",SC,"Atlanta,"
11,Full-Time | Pay: $120k - $160k/year,Frank Recruitment Group,"Cambridge, MA


View 5 more",MA,"Atlanta,Cambridge,View5more"
12,Full-Time | Pay: $110k - $130k/year,Emerald Resource Group,"Broadview Heights, OH",OH,"BroadviewHeights,"
13,Full-Time | Pay: $0 - $1k/year,Signature Consultants,"Miami, FL",FL,"Miami,"
14,Full-Time,Strategic Operational Solutions Inc.,"Vienna, VA",VA,"Vienna,"
15,Full-Time,"Pendo.io, Inc.","Raleigh, NC",NC,"Raleigh,"
16,Full-Time,Softworld Inc.,"Westwood, MA",MA,"Westwood,"
17,Full-Time,Vencore,"Hanover, MD


View 5 more",MD,"Westwood,Hanover,View5more"
18,Full-Time,Apex Systems,"Charlottesville, VA


View 8 more",VA,"Westwood,Hanover,View5moreCharlottesville,View8more"
19,Contractor,Confidential,"Alpharetta, GA",GA,"Alpharetta,"
20,Full-Time,The Judge Group,"Irving, TX


View 2 more",TX,"Alpharetta,Irving,View2more"
21,Full-Time,"Sears, Roebuck and Co","Miami, FL",FL,"Miami,"
22,Full-Time,ManTech International Corporation,"Stafford, VA


View 3 more",VA,"Miami,Stafford,View3more"
23,Full-Time,Frontier Communications Corporation,"Norwalk, CT",CT,"Norwalk,"
24,Full-Time,Partnership Market Office,"Austin, TX",TX,"Austin,"
25,Full-Time,Vantiv,"Cincinnati, OH


View 1 more",OH,"Austin,Cincinnati,View1more"
26,Full-Time,Schaeffler Group,"Fort Mill, SC",SC,"FortMill,"
27,Full-Time,Sony Pictures Entertainment Inc.,"Culver City, CA",CA,"CulverCity,"
28,Full-Time,KellyMitchell,"St. Louis, MO


View 1 more",MO,"CulverCity,St.Louis,View1more"
29,Contractor,Kforce Finance and Accounting,"Columbus, OH",OH,"Columbus,"
30,Full-Time | Pay: $120k - $130k/year,Madison Black,"Los Angeles, CA",CA,"LosAngeles,"
31,Full-Time,Staples,"Framingham, MA",MA,"Framingham,"
32,Contractor | Pay: $45.00 - $70.00/hour,Source Select Group,"Tampa, FL",FL,"Tampa,"
33,Full-Time,McKesson,"The Woodlands, TX",TX,"TheWoodlands,"
34,Full-Time,Visionaire Partners,"Atlanta, GA


View 1 more",GA,"TheWoodlands,Atlanta,View1more"
35,Contractor | Pay: $70.00 - $75.00/hour,"American Cybersystems, Inc. (ACS Group)","Hagerstown, MD",MD,"Hagerstown,"
36,Full-Time,Jackson Lewis P.C.,"58 South Service Road

Melville, NY",NY,"Hagerstown,SouthServiceRoadMelville,"
37,Full-Time | Pay: $95k - $100k/year,Resultz,"Atlanta, SC",SC,"Atlanta,"
38,Full-Time | Pay: $120k - $160k/year,Frank Recruitment Group,"Cambridge, MA


View 5 more",MA,"Atlanta,Cambridge,View5more"
39,Full-Time,Confidential,"New York, NY",NY,"NewYork,"
40,Full-Time,Grange Insurance,"Columbus, OH",OH,"Columbus,"
41,Full-Time,"Vizient, Inc","Chicago, IL


View 1 more",IL,"Columbus,Chicago,View1more"
42,Full-Time,Deluxe Corporation,"Lincoln, NE


View 1 more",NE,"Columbus,Chicago,View1moreLincoln,View1more"
43,Full-Time,Deloitte,"Arlington, VA


View 2 more",VA,"Columbus,Chicago,View1moreLincoln,View1moreArlington,View2more"
44,Full-Time,UPS IT,"Mahwah, NJ",NJ,"Mahwah,"
45,Full-Time | Pay: $145k - $160k/year,Madison Black,"Santa Monica, CA",CA,"SantaMonica,"
46,Full-Time,Caliber Home Loans,"3701 Regent Boulevard

Irving, TX",TX,"SantaMonica,3701RegentBoulevardIrving,"
47,Full-Time,Stanford Health Care,"Palo Alto, CA


View 8 more",CA,"SantaMonica,3701RegentBoulevardIrving,PaloAlto,View8more"
48,Full-Time,Austin Fraser,"Austin, TX",TX,"Austin,"
49,Contractor | Pay: $33.00 - $38.34/hour,Evergent Group,"Carlsbad, CA",CA,"Carlsbad,"
50,Full-Time,Deloitte,"Arlington, VA


View 2 more",VA,"Carlsbad,Arlington,View2more"
51,Full-Time,UPS IT,"Mahwah, NJ",NJ,"Mahwah,"
52,Full-Time | Pay: $145k - $160k/year,Madison Black,"Santa Monica, CA",CA,"SantaMonica,"
53,Full-Time,Caliber Home Loans,"3701 Regent Boulevard

Irving, TX",TX,"SantaMonica,3701RegentBoulevardIrving,"
54,Full-Time,Stanford Health Care,"Palo Alto, CA


View 8 more",CA,"SantaMonica,3701RegentBoulevardIrving,PaloAlto,View8more"
55,Full-Time | Pay: $60.00 - $90.00/hour,"Computer Enterprises, Inc. (CEI)","Denver, CO",CO,"Denver,"
56,Full-Time,Austin Fraser,"Austin, TX",TX,"Austin,"
57,Contractor | Pay: $33.00 - $38.34/hour,Evergent Group,"Carlsbad, CA",CA,"Carlsbad,"
58,Full-Time,H&R Block Corporate,"One H&R Block Way

Kansas City, MO",CA,"Carlsbad,"
59,Full-Time,Forcepoint LLC.,"Austin, TX",TX,"Austin,"
60,Contractor,The Select Group,"Charlotte, NC",NC,"Charlotte,"
61,Full-Time | Pay: $100k - $160k/year,Olivier James Associates,"Charlotte, NC


View 1 more",NC,"Charlotte,Charlotte,View1more"
62,Full-Time,VincentBenjamin,"Denver, CO",CO,"Denver,"
63,Full-Time | Pay: $140k - $150k/year,firstPRO,"Atlanta, GA",GA,"Atlanta,"
64,Full-Time,EXL Service,"10 Exchange Place

Jersey City, NJ",NJ,"Atlanta,ExchangePlaceJerseyCity,"
65,Full-Time | Pay: $50k - $64k/year,Medix,"Libertyville, IL",IL,"Libertyville,"
66,Full-Time,SouthTek Resources LLC,"McLean, VA",VA,"McLean,"
67,Full-Time,Johnson & Johnson,"Montgomery, NJ


View 2 more",NJ,"McLean,Montgomery,View2more"
68,Full-Time,Federal Reserve Bank of Cleveland,"Cleveland, OH",OH,"Cleveland,"
69,Full-Time,"MARSH & MCLENNAN COMPANIES, INC","New York, NY",NY,"NewYork,"
70,Full-Time,Grange Insurance,"Columbus, OH",OH,"Columbus,"
71,Full-Time,Vencore,"Springfield, VA",VA,"Springfield,"
72,Full-Time,Deloitte,"Arlington, VA",VA,"Arlington,"
73,Full-Time,MSX International,"Dearborn, MI",MI,"Dearborn,"
74,Full-Time | Pay: $120k - $140k/year,Brooksource,"American Fork, UT",UT,"AmericanFork,"
75,Full-Time,UnitedHealth Group,"Eden Prairie, MN


View 7 more",MN,"AmericanFork,EdenPrairie,View7more"
76,Full-Time,VincentBenjamin,"Burbank, CA",CA,"Burbank,"
77,Full-Time,Safe Auto Ins Group Inc,"Columbus, OH",OH,"Columbus,"
78,Full-Time,Genpact,"Danbury, CT",CT,"Danbury,"
79,Full-Time,Kelly Services,"Franklin, TN",TN,"Franklin,"
80,Full-Time,UnitedHealth Group,"Schaumburg, IL",IL,"Schaumburg,"
81,Full-Time,Crowe Horwath LLP,"Chicago, IL


View 3 more",IL,"Schaumburg,Chicago,View3more"
82,Full-Time,Ford Motor Company,"Dearborn, MI",MI,"Dearborn,"
83,Full-Time,Medix,"Libertyville, IL",IL,"Libertyville,"
84,Full-Time,Volt,"Minneapolis, MN",MN,"Minneapolis,"
85,Full-Time,ConsultNet,"Chicago, IL",IL,"Chicago,"
86,Full-Time,Apple Inc.,"Cupertino, CA",CA,"Cupertino,"
87,Full-Time,Booz Allen Hamilton Inc.,"San Antonio, TX",TX,"SanAntonio,"
88,Full-Time,First Data,"Washington, DC",DC,"Washington,"
89,Full-Time | Pay: 50k - 60k /year,Kelly Scientific Resources,"San Diego, CA",CA,"SanDiego,"
90,Full-Time | Pay: $70k - $110k/year,Nigel Frank International US,"Boston, MA


View 1 more",MA,"SanDiego,Boston,View1more"
91,Full-Time,LMI,"Herndon, VA",VA,"Herndon,"
92,Full-Time | Pay: $45.00 - $65.00/hour,Aerotek,"Arlington, VA",VA,"Arlington,"
93,Full-Time,LMI,"Alexandria, VA",VA,"Alexandria,"
94,Full-Time,CarMax,"Richmond, VA


View 1 more",VA,"Alexandria,Richmond,View1more"
95,Full-Time,UnitedHealth Group,"Irvine, CA


View 1 more",CA,"Alexandria,Richmond,View1moreIrvine,View1more"
96,Full-Time,Wolters Kluwer,"Waltham, MA


View 1 more",MA,"Alexandria,Richmond,View1moreIrvine,View1moreWaltham,View1more"
97,Full-Time,"TEKsystems, Inc","San Antonio, TX",TX,"SanAntonio,"
98,Full-Time,Eurofins,"Lancaster, PA


View 1 more",PA,"SanAntonio,Lancaster,View1more"
99,Full-Time,Arcadis,"Highlands Ranch, CO",CO,"HighlandsRanch,"
100,Full-Time,Quality Temp Staffing,"Los Angeles, CA",CA,"LosAngeles,"
101,Full-Time,"QPS, LLC.","3 Innovation Way

Newark, DE",DE,"LosAngeles,3InnovationWayNewark,"
102,Contractor,Townsend & Associates,"Richmond, VA",VA,"Richmond,"
103,Contractor,Townsend & Associates,"Richmond, VA",VA,"Richmond,"
104,Full-Time,Collabera,"Germantown, MD",MD,"Germantown,"
105,Full-Time,Pioneer Data Systems Inc,"South San Francisco, CA",CA,"SouthSanFrancisco,"
106,Contractor,Townsend & Associates,"Devens, MA",MA,"Devens,"
107,Full-Time,Confidential,"Los Angeles, CA",CA,"LosAngeles,"
108,Full-Time,Collabera,"Woodcliff Lake, NJ",NJ,"WoodcliffLake,"
109,Full-Time,Pharmavite® LLC,"Santa Clarita, CA",CA,"SantaClarita,"
110,Full-Time,Pioneer Data Systems Inc,"Raritan, NJ",NJ,"Raritan,"
111,Full-Time,Eurofins,"Lincoln, NE


View 6 more",NE,"Raritan,Lincoln,View6more"
112,Full-Time,Johnson & Johnson,"Spring House, PA


View 4 more",PA,"Raritan,Lincoln,View6moreSpringHouse,View4more"
113,Full-Time,Johnson & Johnson,"Spring House, PA


View 7 more",PA,"Raritan,Lincoln,View6moreSpringHouse,View4moreSpringHouse,View7more"
114,Full-Time,Johnson & Johnson,"Spring House, PA


View 1 more",PA,"Raritan,Lincoln,View6moreSpringHouse,View4moreSpringHouse,View7moreSpringHouse,View1more"
115,Full-Time,Pioneer Data Systems Inc,"Richmond, VA",VA,"Richmond,"
116,Full-Time | Pay: $26.00/hour,Atrium Staffing,"Richmond, VA",VA,"Richmond,"
117,Full-Time,Johnson & Johnson,"Spring House, PA


View 1 more",PA,"Richmond,SpringHouse,View1more"
118,Contractor,Mastech,"Oakland, CA",CA,"Oakland,"
119,Contractor | Pay: $36.00 - $38.00/hour,"The Staffing Resource Group, Inc","Ewing Township, NJ",NJ,"EwingTownship,"
120,Full-Time,Johnson & Johnson,"Horsham, PA


View 6 more",PA,"EwingTownship,Horsham,View6more"
121,Contractor,Apex Life Sciences,"LENEXA, KS",KS,"LENEXA,"
122,Contractor,"Integrated Resources, Inc","Richmond, VA",VA,"Richmond,"
123,Full-Time,Battelle Memorial Institute,"Columbus, OH",OH,"Columbus,"
124,Full-Time,Johnson & Johnson,"Spring House, PA",PA,"SpringHouse,"
125,Full-Time,AMRI,"Albany, NY


View 6 more",NY,"SpringHouse,Albany,View6more"
126,Full-Time | Pay: 80k - 120k /year,Kelly Scientific Resources,"Cambridge, MA


View 4 more",MA,"SpringHouse,Albany,View6moreCambridge,View4more"
127,Full-Time,Johnson & Johnson,"Irvine, CA",CA,"Irvine,"
128,Full-Time,"Kemin Industries, Inc.","Des Moines, IA",IA,"DesMoines,"
129,Full-Time,Apex Life Sciences,"PRINCETON, NJ


View 1 more",NJ,"DesMoines,PRINCETON,View1more"
130,Contractor,Spectraforce Technologies Inc,"Santa Monica, CA",CA,"SantaMonica,"
131,Contractor,Apex Life Sciences,"Summit, NJ


View 1 more",NJ,"SantaMonica,Summit,View1more"
132,Contractor,Townsend & Associates,"1 Burtt Road

Andover, MA",MA,"SantaMonica,Summit,View1more1BurttRoadAndover,"
133,Full-Time,Stanford Health Care,"Palo Alto, CA",CA,"PaloAlto,"
134,Full-Time,Johnson & Johnson,"Spring House, PA


View 1 more",PA,"PaloAlto,SpringHouse,View1more"
135,Full-Time,Johnson & Johnson,"Spring House, PA


View 4 more",PA,"PaloAlto,SpringHouse,View1moreSpringHouse,View4more"
136,Full-Time,"Organovo Holdings, Inc.","San Diego, CA",CA,"SanDiego,"
137,Contractor,Townsend & Associates,"P.O. Box 191

One Squibb Drive

New Brunswick, NJ",CA,"SanDiego,"
138,Full-Time,Real Staffing,"Richmond, VA",VA,"Richmond,"
139,Full-Time,General Dynamics Information Technology,"Las Cruces, NM",NM,"LasCruces,"
140,Full-Time,"Frontier Technology, Inc.","Beverly, MA",MA,"Beverly,"
141,Full-Time,"QPS, LLC.","1 Innovation Way

Newark, DE",DE,"Beverly,1InnovationWayNewark,"
142,Full-Time,Eurofins,"Lexington, MA


View 2 more",MA,"Beverly,1InnovationWayNewark,Lexington,View2more"
143,Full-Time,Johnson & Johnson,"Spring House, PA


View 1 more",PA,"Beverly,1InnovationWayNewark,Lexington,View2moreSpringHouse,View1more"
144,Full-Time,Battelle Memorial Institute,"Columbus, OH


View 7 more",OH,"Beverly,1InnovationWayNewark,Lexington,View2moreSpringHouse,View1moreColumbus,View7more"
145,Full-Time,Apex Life Sciences,"Gainesville, FL",FL,"Gainesville,"
146,Full-Time,AMRI,"Albany, NY


View 3 more",NY,"Gainesville,Albany,View3more"
147,Full-Time,Molex,"Lisle, IL",IL,"Lisle,"
148,Full-Time,BAE Systems,"Burlington, MA",MA,"Burlington,"
149,Full-Time,Kleinfelder,"Hanover, MD


View 5 more",MD,"Burlington,Hanover,View5more"
150,Full-Time,Eurofins,"Lee's Summit, MO


View 1 more",MO,"Burlington,Hanover,View5moreLee'sSummit,View1more"
151,Full-Time,Charles River,"Shrewsbury, MA


View 2 more",MA,"Burlington,Hanover,View5moreLee'sSummit,View1moreShrewsbury,View2more"
152,Full-Time | Pay: $20.00 - $26.00/hour,Fresenius Kabi,"3159 Staley Road

Grand Island, NY",NY,"Burlington,Hanover,View5moreLee'sSummit,View1moreShrewsbury,View2more3159StaleyRoadGrandIsland,"
153,Full-Time,"Sabre Systems, Inc.","Point Mugu Nawc, CA",CA,"PointMuguNawc,"
154,Full-Time,Battelle Memorial Institute,"West Jefferson, OH",OH,"WestJefferson,"
155,Full-Time,"Daiichi Sankyo, Inc.","Bernards, NJ


View 1 more",NJ,"WestJefferson,Bernards,View1more"
156,Full-Time,Club Staffing,"Tucson, AZ",AZ,"Tucson,"
157,Full-Time,Cherokee Nation Businesses,"Silver Spring, MD


View 2 more",MD,"Tucson,SilverSpring,View2more"
158,Full-Time,Eurofins,"Kalamazoo, MI


View 1 more",MI,"Tucson,SilverSpring,View2moreKalamazoo,View1more"
159,Full-Time,Johnson & Johnson,"Spring House, PA",PA,"SpringHouse,"
160,Contractor,Townsend & Associates,"Pearl River, NY",NY,"PearlRiver,"
161,Full-Time,Cardno USA Inc,"Sacramento, CA",CA,"Sacramento,"
162,Contractor,SGF Global,"Cambridge, MA",MA,"Cambridge,"
163,Full-Time,Real Staffing,"Ewing, NJ",NJ,"Ewing,"
164,Contract to Hire | Pay: $40.00/hour,Confidential,"Santa Monica, CA",CA,"SantaMonica,"
165,Full-Time,CameronCraigGroup,"Pittsburgh, PA",PA,"Pittsburgh,"
166,Contractor,Apex Life Sciences,"San Diego, CA",CA,"SanDiego,"
167,Full-Time,Battelle Memorial Institute,"Boulder, CO",CO,"Boulder,"
168,Full-Time,Apex Life Sciences,"Shawnee, KS",KS,"Shawnee,"
169,Full-Time,AMRI,"Albany, NY


View 2 more",NY,"Shawnee,Albany,View2more"
170,Contractor,Fortira Inc,"Mountain View, CA",CA,"MountainView,"
171,Full-Time,Akorn Pharmaceutical,Norcross,CA,"MountainView,"
172,Full-Time,"Akorn, Inc.","Peoria, IL


View 17 more",IL,"MountainView,Peoria,Viewmore"
173,Full-Time,QuintilesIMS,"Marietta, GA",GA,"Marietta,"
174,Full-Time,The Rawlings Group,"Louisville, KY",KY,"Louisville,"
175,Full-Time,Eurofins,"Spring House, PA",PA,"SpringHouse,"
176,Full-Time,Johnson & Johnson,"Spring House, PA",PA,"SpringHouse,"
177,Full-Time,"Groundwater & Environmental Services, Inc. (GES)","Baton Rouge, LA


View 1 more",LA,"SpringHouse,BatonRouge,View1more"
178,Full-Time,Yoh,"Summit, NJ",NJ,"Summit,"
179,Full-Time,Labsource LLC,"25 Airpark Court

Greenville, SC",SC,"Summit,AirparkCourtGreenville,"
180,Full-Time,"Career Developers, Inc.","Fort Lee, NJ",NJ,"FortLee,"
181,Full-Time,Kelly Scientific Resources,"Cambridge, MA",MA,"Cambridge,"
182,Full-Time,Kelly Scientific Resources,"Cambridge, MA",MA,"Cambridge,"
183,Full-Time,NatureWorks,"Minnetonka, MN",MN,"Minnetonka,"
184,Contractor,Apex Life Sciences,"San Diego, CA",CA,"SanDiego,"
185,Full-Time | Pay: 28.00 - 35.00 /hour,Kelly Scientific Resources,"San Diego, CA",CA,"SanDiego,"
186,Full-Time,Confidential,"Andover, MA",MA,"Andover,"
187,Full-Time,Johnson & Johnson,"South San Francisco, CA",CA,"SouthSanFrancisco,"
188,Contractor,ATR International,"Dallas, TX",TX,"Dallas,"
189,Full-Time,Real Staffing,"Durham, NC",NC,"Durham,"
190,Full-Time,Eurofins,"West Point, PA


View 1 more",PA,"Durham,WestPoint,View1more"
191,Full-Time,Eurofins,"Spring House, PA


View 2 more",PA,"Durham,WestPoint,View1moreSpringHouse,View2more"
192,Full-Time,Eurofins,"Mebane, NC",NC,"Mebane,"
193,Full-Time,Eurofins,"Malvern, PA",PA,"Malvern,"
194,Full-Time,Eurofins,"Kenilworth, NJ",NJ,"Kenilworth,"
195,Full-Time,Eurofins,"Lincoln, NE",NE,"Lincoln,"
196,Contractor | Pay: $20.00 - $26.73/hour,Alpha Consulting,"Syracuse, NY


View 2 more",NY,"Lincoln,Syracuse,View2more"
197,Full-Time,ZOLL LifeVest,"121 Gamma Drive

Pittsburgh, PA",PA,"Lincoln,Syracuse,View2more121GammaDrivePittsburgh,"
198,Full-Time,Johnson & Johnson,"Malvern, PA


View 2 more",PA,"Lincoln,Syracuse,View2more121GammaDrivePittsburgh,Malvern,View2more"
199,Full-Time,Eurofins,"Groton, CT",CT,"Groton,"
200,Full-Time,Eurofins,"Sanford, NC


View 7 more",NC,"Groton,Sanford,View7more"
201,Full-Time,Eurofins,"Spring House, PA


View 3 more",PA,"Groton,Sanford,View7moreSpringHouse,View3more"
202,Full-Time,Eurofins,"Sanford, NC


View 1 more",NC,"Groton,Sanford,View7moreSpringHouse,View3moreSanford,View1more"
203,Full-Time | Pay: 30.00 - 40.00 /hour,Kelly Scientific Resources,"Marlborough, MA",MA,"Marlborough,"
204,Full-Time,Kelly Scientific Resources,"Dallas, TX


View 1 more",TX,"Marlborough,Dallas,View1more"
205,Contractor,Yoh,"South San Francisco, CA",CA,"SouthSanFrancisco,"
206,Full-Time | Pay: $30k - $60k/year,PBL Assay Science,"131 Ethel Road

New York, NJ",NJ,"SouthSanFrancisco,131EthelRoadNewYork,"
207,Full-Time,"QPS, LLC","1 Innovation Way

Newark, DE


View 1 more near this location",NJ,"SouthSanFrancisco,131EthelRoadNewYork,"
208,Full-Time,Eurofins,"Spring House, PA",PA,"SpringHouse,"
209,Full-Time,Johnson & Johnson,"Spring House, PA",PA,"SpringHouse,"
210,Full-Time,"Groundwater & Environmental Services, Inc. (GES)","Baton Rouge, LA


View 1 more",LA,"SpringHouse,BatonRouge,View1more"
211,Full-Time,Yoh,"Summit, NJ",NJ,"Summit,"
212,Full-Time,Labsource LLC,"25 Airpark Court

Greenville, SC",SC,"Summit,AirparkCourtGreenville,"
213,Full-Time,"Career Developers, Inc.","Fort Lee, NJ",NJ,"FortLee,"
214,Full-Time,Kelly Scientific Resources,"Cambridge, MA",MA,"Cambridge,"
215,Full-Time,Kelly Scientific Resources,"Cambridge, MA",MA,"Cambridge,"
216,Full-Time,NatureWorks,"Minnetonka, MN",MN,"Minnetonka,"
217,Contractor,Apex Life Sciences,"San Diego, CA",CA,"SanDiego,"
218,Full-Time | Pay: 28.00 - 35.00 /hour,Kelly Scientific Resources,"San Diego, CA",CA,"SanDiego,"
219,Full-Time,Confidential,"Andover, MA",MA,"Andover,"
220,Full-Time,Johnson & Johnson,"South San Francisco, CA",CA,"SouthSanFrancisco,"
221,Contractor,ATR International,"Dallas, TX",TX,"Dallas,"
222,Full-Time,Real Staffing,"Durham, NC",NC,"Durham,"
223,Full-Time,Eurofins,"West Point, PA


View 1 more",PA,"Durham,WestPoint,View1more"
224,Full-Time,Eurofins,"Mebane, NC",NC,"Mebane,"
225,Full-Time,Charles River,"Shrewsbury, MA


View 2 more",MA,"Mebane,Shrewsbury,View2more"
226,Contractor | Pay: $20.00 - $24.29/hour,Alpha Consulting,"Mountain View, CA",CA,"MountainView,"
227,Full-Time,Sotera Defense Solutions,"Washington, DC",DC,"Washington,"
228,Full-Time,Eurofins,"South Bend, IN


View 1 more",IN,"Washington,SouthBend,View1more"
229,Full-Time,Eurofins,"Lancaster, PA",PA,"Lancaster,"
230,Full-Time,Eurofins,"West Point, PA",PA,"WestPoint,"
231,Full-Time,Eurofins,"Durham, NC",NC,"Durham,"
232,Full-Time,Eurofins,"Lancaster, PA


View 1 more",PA,"Durham,Lancaster,View1more"
233,Full-Time,Eurofins,"Richmond, VA",VA,"Richmond,"
234,Full-Time,Eurofins,"West Greenwich, RI",RI,"WestGreenwich,"
235,Full-Time,Aerotek,"Kansas City, MO",MO,"KansasCity,"
236,Full-Time,Johnson & Johnson,"Irvine, CA",CA,"Irvine,"
237,Full-Time,Johnson & Johnson,"San Diego, CA


View 1 more",CA,"Irvine,SanDiego,View1more"
238,Full-Time/Part-Time,SRG Woolf,"Columbia, MD",MD,"Columbia,"
239,Full-Time,Zing! Recruiting,"Teterboro, NJ",NJ,"Teterboro,"
240,Full-Time,GHD,"Concord, CA",CA,"Concord,"
241,Full-Time,Kelly Scientific Resources,"Cleveland, OH",OH,"Cleveland,"
242,Full-Time | Pay: $18.00 - $20.00/hour,Fresenius Kabi,"3159 Staley Road

Grand Island, NY",NY,"Cleveland,3159StaleyRoadGrandIsland,"
243,Full-Time,Eurofins,"Groton, CT",CT,"Groton,"
244,Contractor,Yoh,"Redwood City, CA",CA,"RedwoodCity,"
245,Full-Time | Pay: $50k/year,The Hartz Mountain Corporation,"640 Gotham Parkway

Carlstadt, NJ",NJ,"RedwoodCity,640GothamParkwayCarlstadt,"
246,Full-Time,Yoh,"Santa Clara, CA",CA,"SantaClara,"
247,Full-Time,Eurofins,"Sanford, NC",NC,"Sanford,"
248,Full-Time,ProClinical,"San Diego, CA",CA,"SanDiego,"
249,Full-Time,Strategic Operational Solutions Inc.,"Fairmont, WV",WV,"Fairmont,"
250,Full-Time,Apex Life Sciences,"Chandler, AZ


View 2 more",AZ,"Fairmont,Chandler,View2more"
251,Full-Time,Charles River,"Worcester, MA


View 2 more",MA,"Fairmont,Chandler,View2moreWorcester,View2more"
252,Full-Time,Fifth Third Bank,"38 Fountain Square Plaza

CINCINNATI, OH",OH,"Fairmont,Chandler,View2moreWorcester,View2moreFountainSquarePlazaCINCINNATI,"
253,Full-Time,General Motors,"Austin, TX",TX,"Austin,"
254,Full-Time,"QPS, LLC","1 Innovation Way

Newark, DE


View 1 more near this location",TX,"Austin,"
255,Full-Time,Johnson & Johnson,"Spring House, PA


View 1 more",PA,"Austin,SpringHouse,View1more"
256,Full-Time,"QPS, LLC.","1 Innovation Way

Newark, DE",DE,"Austin,SpringHouse,View1more1InnovationWayNewark,"
257,Full-Time,Edgewell Personal Care,"Allendale, NJ",NJ,"Allendale,"
258,Contractor | Pay: $0.00 - $53.50/hour,Alpha Consulting,"Hopewell, NJ",NJ,"Hopewell,"
259,Full-Time | Pay: $20.00 - $25.00/hour,Monroe Staffing Services,"Wilton, CT


View 1 more",CT,"Hopewell,Wilton,View1more"
260,Full-Time,Apex Life Sciences,"Buffalo, NY


View 1 more",NY,"Hopewell,Wilton,View1moreBuffalo,View1more"
261,Full-Time,Johnson & Johnson,"Malvern, PA


View 1 more",PA,"Hopewell,Wilton,View1moreBuffalo,View1moreMalvern,View1more"
262,Full-Time | Pay: 80k - 90k /year,Kelly Scientific Resources,"Memphis, TN


View 3 more",TN,"Hopewell,Wilton,View1moreBuffalo,View1moreMalvern,View1moreMemphis,View3more"
263,Full-Time,Edgewell Personal Care,"Allendale, NJ",NJ,"Allendale,"
264,Full-Time,GHD,"Savannah, GA",GA,"Savannah,"
265,Full-Time,Adecco Engineering & Technology,"High Point, NC",NC,"HighPoint,"
266,Full-Time,Johnson & Johnson,"Malvern, PA


View 2 more",PA,"HighPoint,Malvern,View2more"
267,Full-Time,Polyglass,"1111 West Newport Center Drive

Deerfield Beach, FL",PA,"HighPoint,Malvern,View2more"
268,Contractor,Yoh,"Berkeley, CA",CA,"Berkeley,"
269,Full-Time,Yoh,"Zebulon, NC",NC,"Zebulon,"
270,Contractor | Pay: $27.00 - $31.50/hour,Confidential,"Zebulon, NC",NC,"Zebulon,"
271,Full-Time,Research Medical Center,"Kansas City, MO


View 6 more",MO,"Zebulon,KansasCity,View6more"
272,Full-Time,Johnson & Johnson,"Malvern, PA",PA,"Malvern,"
273,Contractor,Apex Life Sciences,"San Diego, CA


View 1 more",CA,"Malvern,SanDiego,View1more"
274,Full-Time | Pay: $150k - $170k/year,Volt,"Boston, MA",MA,"Boston,"
275,Contractor,Apex Life Sciences,"Santa Monica, CA


View 3 more",CA,"Boston,SantaMonica,View3more"
276,Full-Time,WuXi AppTec,"1209 Kennestone Circle

Marietta, GA",GA,"Boston,SantaMonica,View3more1209KennestoneCircleMarietta,"
277,Full-Time,The Nature's Bounty Co.,"Ridgefield Park, NJ",NJ,"RidgefieldPark,"
278,Full-Time,Real Staffing,"Wilmington, DE",DE,"Wilmington,"
279,Full-Time,Battelle Memorial Institute,"Columbus, OH


View 2 more",OH,"Wilmington,Columbus,View2more"
280,Full-Time,Arcadis,"Knoxville, TN


View 3 more",TN,"Wilmington,Columbus,View2moreKnoxville,View3more"
281,Full-Time,Arcadis,"Hanover, MD",MD,"Hanover,"
282,Full-Time,Johnson & Johnson,"San Diego, CA",CA,"SanDiego,"
283,Contractor,Alpha Consulting,"Wilmington, DE",DE,"Wilmington,"
284,Contractor,Apex Life Sciences,"Temecula California, CA


View 1 more",CA,"Wilmington,TemeculaCalifornia,View1more"
285,Contract to Hire | Pay: $25.00/hour,Open Scientific,"Miami, FL",FL,"Miami,"
286,Contractor,"Integrated Resources, Inc","North Reading, MA",MA,"NorthReading,"
287,Full-Time | Pay: $75k - $100k/year,PointOne Recruiting Solutions,"Eustis, FL",FL,"Eustis,"
288,Contractor,Yoh,"Morris Plains, New Jersey, NJ",NJ,"Eustis,MorrisPlains,NewJersey,"
289,Full-Time,MSX International,"Dearborn, MI",MI,"Dearborn,"
290,Contractor,Yoh,"Fremont, CA",CA,"Fremont,"
291,Full-Time,GHD,"Green Bay, WI


View 2 more",WI,"Fremont,GreenBay,View2more"
292,Full-Time | Pay: $35.00 - $40.00/hour,Innovative Career Resources,"17581 Irvine Boulevard

Tustin, CA",CA,"Fremont,GreenBay,View2more17581IrvineBoulevardTustin,"
293,Full-Time,Apex Life Sciences,"MONROEVILLE, PA


View 3 more",PA,"Fremont,GreenBay,View2more17581IrvineBoulevardTustin,MONROEVILLE,View3more"
294,Full-Time,Arcadis,"Branchburg, NJ",NJ,"Branchburg,"
295,Full-Time,Rapides Regional Medical Center,"Alexandria, LA",LA,"Alexandria,"
296,Full-Time,Spencer Reed Group,"Overland Park, KS",KS,"OverlandPark,"
297,Full-Time,RETTEW,"Williamsport, PA


View 1 more",PA,"OverlandPark,Williamsport,View1more"
298,Full-Time,SGS North America,"West Chester, PA",PA,"WestChester,"
299,Full-Time,Johnson & Johnson,"Somerville, NJ",NJ,"Somerville,"
300,Full-Time,Johnson & Johnson,"San Diego, CA


View 1 more",CA,"Somerville,SanDiego,View1more"
301,Full-Time,Resource Options Inc.,"Franklin Township, NJ",NJ,"FranklinTownship,"
302,Full-Time,"Biomerieux , Inc.","St. Louis, MO


View 1 more",MO,"FranklinTownship,St.Louis,View1more"
303,Full-Time,The Judge Group,"South Plainfield, NJ",NJ,"SouthPlainfield,"
304,Full-Time,Apex Life Sciences,"Rockville, MD


View 1 more",MD,"SouthPlainfield,Rockville,View1more"
305,Full-Time,COOK PHARMICA,"Bloomington, IN",IN,"Bloomington,"
306,Contractor,Apex Life Sciences,"San Diego, CA",CA,"SanDiego,"
307,Full-Time,Enel Green Power- North America,"Bend, OR",OR,"Bend,"
308,Full-Time,Superior Group,"Annapolis Junction, MD",MD,"AnnapolisJunction,"
309,Contract to Hire | Pay: $50k - $55k/year,Open Scientific,"Miami, FL",FL,"Miami,"
310,Contractor,Apex Life Sciences,"Fort Worth, TX",TX,"FortWorth,"
311,Full-Time,GAF Materials Corporation,"Parsippany-Troy Hills, NJ",NJ,"Parsippany-TroyHills,"
312,Full-Time,ManTech International Corporation,"Washington, DC


View 1 more",DC,"Parsippany-TroyHills,Washington,View1more"
313,Full-Time,Apex Life Sciences,"CINCINNATI, OH",OH,"CINCINNATI,"
314,Full-Time | Pay: $60k/year,Medix,"Bridgewater, NJ",NJ,"Bridgewater,"
315,Contractor,Yoh,"Summit, NJ",NJ,"Summit,"
316,Contractor | Pay: $65.00 - $72.79/hour,Alpha Consulting,"Devens, MA",MA,"Devens,"
317,Full-Time,Altair,"Dearborn, MI",MI,"Dearborn,"
318,Full-Time,Pioneer Data Systems Inc,"Raritan, NJ",NJ,"Raritan,"
319,Full-Time,Deloitte,"Arlington, VA",VA,"Arlington,"
320,Full-Time,Johnson & Johnson,"Spring House, PA


View 1 more",PA,"Arlington,SpringHouse,View1more"
321,Full-Time,Koppers Inc.,"Griffin, GA


View 3 more",GA,"Arlington,SpringHouse,View1moreGriffin,View3more"
322,Contractor,Apex Life Sciences,"LENEXA, KS",KS,"LENEXA,"
323,Full-Time,Johnson & Johnson,"Spring House, PA",PA,"SpringHouse,"
324,Contractor,Spectraforce Technologies Inc,"Santa Monica, CA",CA,"SantaMonica,"
325,Full-Time,Rapides Regional Medical Center,"Alexandria, LA",LA,"Alexandria,"
326,Full-Time,Spencer Reed Group,"Overland Park, KS",KS,"OverlandPark,"
327,Full-Time,RETTEW,"Allentown, PA


View 1 more",PA,"OverlandPark,Allentown,View1more"
328,Full-Time,SGS North America,"West Chester, PA",PA,"WestChester,"
329,Full-Time,Johnson & Johnson,"Somerville, NJ",NJ,"Somerville,"
330,Full-Time,Resource Options Inc.,"Franklin Township, NJ",NJ,"FranklinTownship,"
331,Full-Time,"Biomerieux , Inc.","St. Louis, MO


View 1 more",MO,"FranklinTownship,St.Louis,View1more"
332,Full-Time,The Judge Group,"South Plainfield, NJ",NJ,"SouthPlainfield,"
333,Full-Time,COOK PHARMICA,"Bloomington, IN",IN,"Bloomington,"
334,Contractor,Apex Life Sciences,"San Diego, CA",CA,"SanDiego,"
335,Full-Time,Enel Green Power- North America,"Bend, OR",OR,"Bend,"
336,Full-Time,Superior Group,"Annapolis Junction, MD",MD,"AnnapolisJunction,"
337,Contract to Hire | Pay: $50k - $55k/year,Open Scientific,"Miami, FL",FL,"Miami,"
338,Contractor,Apex Life Sciences,"Fort Worth, TX",TX,"FortWorth,"
339,Full-Time,GAF Materials Corporation,"Parsippany-Troy Hills, NJ",NJ,"Parsippany-TroyHills,"
340,Full-Time,ManTech International Corporation,"Washington, DC


View 1 more",DC,"Parsippany-TroyHills,Washington,View1more"
341,Full-Time,Apex Life Sciences,"CINCINNATI, OH",OH,"CINCINNATI,"
342,Full-Time | Pay: $60k/year,Medix,"Bridgewater, NJ",NJ,"Bridgewater,"
343,Contractor,Yoh,"Summit, NJ",NJ,"Summit,"
344,Contractor | Pay: $65.00 - $72.79/hour,Alpha Consulting,"Devens, MA",MA,"Devens,"
345,Full-Time,Altair,"Dearborn, MI",MI,"Dearborn,"
346,Full-Time,Deloitte,"Arlington, VA",VA,"Arlington,"
347,Contractor,Apex Life Sciences,"Richmond, VA",VA,"Richmond,"
348,Full-Time,"QPS, LLC.","110 Executive Drive

Newark, DE",DE,"Richmond,110ExecutiveDriveNewark,"
349,Full-Time,General Dynamics Information Technology,"Frederick, MD",MD,"Frederick,"
350,Full-Time,"QPS, LLC.","3 Innovation Way

Newark, DE",DE,"Frederick,3InnovationWayNewark,"
351,Full-Time,Job Juncture,"Cambridge, MA",MA,"Cambridge,"
352,Full-Time,The United States Pharmacopeial Convention,"Rockville, MD",MD,"Rockville,"
353,Full-Time,"Akorn, Inc","Vernon Hills, NJ",NJ,"VernonHills,"
354,Full-Time,Koppers Inc.,"Griffin, GA


View 3 more",GA,"VernonHills,Griffin,View3more"
355,Full-Time,Real Staffing,"Richmond, VA",VA,"Richmond,"
356,Full-Time,Kelly Scientific Resources,"Norwood, OH",OH,"Norwood,"
357,Full-Time,"Consolidated Safety Services, Inc","Durham, NC",NC,"Durham,"
358,Full-Time,"QPS, LLC.","110 Executive Drive

Newark, DE",DE,"Durham,110ExecutiveDriveNewark,"
359,Full-Time,Tetra Tech,"Salem, NH",NH,"Salem,"
360,Full-Time,Corning,"Corning, NY


View 2 more",NY,"Salem,Corning,View2more"
361,Full-Time,Battelle Memorial Institute,"Columbus, OH",OH,"Columbus,"
362,Full-Time,Ford Motor Company,"Dearborn, MI",MI,"Dearborn,"
363,Full-Time,Southwest Research Institute,"Boulder, CO


View 2 more",CO,"Dearborn,Boulder,View2more"
364,Full-Time,ACT,"Iowa City, IA",IA,"IowaCity,"
365,Full-Time,Siplast,"Arkadelphia, AR",AR,"Arkadelphia,"
366,Full-Time,Latitude Inc,"Rockville, MD",MD,"Rockville,"
367,Full-Time,Eurofins,"Sanford, NC",NC,"Sanford,"
368,Full-Time,Teledyne Technologies,"Durham, NC",NC,"Durham,"
369,Full-Time,Miller Electric,"Appleton, WI",WI,"Appleton,"
370,Full-Time,BAE Systems,"Burlington, MA",MA,"Burlington,"
371,Full-Time,BUREAU VERITAS NORTH AMERICA,"Lake Charles, LA",LA,"LakeCharles,"
372,Full-Time,WSP | Parsons Brinckerhoff,"Miami, FL",FL,"Miami,"
373,Full-Time,GHD,"Edison, NJ",NJ,"Edison,"
374,Full-Time,EMD Serono,"Billerica, MA",MA,"Billerica,"
375,Full-Time,Corning,"Corning, NY",NY,"Corning,"
376,Full-Time,Cherokee Nation Businesses,"Arlington, VA",VA,"Arlington,"
377,Full-Time,Gulfstream Diagnostics LLC,"Dallas, TX",TX,"Dallas,"
378,Full-Time,QuintilesIMS,"Durham, NC",NC,"Durham,"
379,Full-Time,Quintiles,"Durham, NC",NC,"Durham,"
380,Full-Time,QuintilesIMS,"Durham, NC",NC,"Durham,"
381,Full-Time,Deloitte,"Arlington, VA",VA,"Arlington,"
382,Full-Time,"QPS, LLC.","4949 Amber Valley Parkway

Fargo, ND",ND,"Arlington,4949AmberValleyParkwayFargo,"
383,Full-Time,Sirius Technical Services,"Sand Creek, MI",MI,"SandCreek,"
384,Full-Time,Antea®Group,"Baltimore, MD


View 1 more",MD,"SandCreek,Baltimore,View1more"
385,Full-Time,Southwest Research Institute,"San Antonio, TX",TX,"SanAntonio,"
386,Full-Time,Arconic,"New Kensington, PA",PA,"NewKensington,"
387,Contractor,"TechData Service Company, LLC","Wilmington, DE",DE,"Wilmington,"
388,Full-Time,Clinical Research Management,"Frederick, MD",MD,"Frederick,"
389,Full-Time,Magna International,"Carrollton, GA",GA,"Carrollton,"
390,Full-Time,Southwest Research Institute,"San Antonio, TX",TX,"SanAntonio,"
391,Full-Time,EMD Serono,"Bedford, MA",MA,"Bedford,"
392,Full-Time,Cardno USA Inc,"Austin, TX",TX,"Austin,"
393,Full-Time,Southwest Research Institute,"San Antonio, TX",TX,"SanAntonio,"
394,Full-Time,Arconic,"New Kensington, PA",PA,"NewKensington,"
395,Full-Time,Insight Global,"Pearl River, NY",NY,"PearlRiver,"
396,Full-Time,"EA Engineering, Science, and Technology Inc., PBC","Seattle, WA",WA,"Seattle,"
397,Contractor,Apex Life Sciences,"Pearl River, NY",NY,"PearlRiver,"
398,Full-Time,BAE Systems,"Burlington, MA",MA,"Burlington,"
399,Full-Time,Aerotek,"Gaithersburg, MD",MD,"Gaithersburg,"
400,Full-Time,HackEd,"Frederick, MD",MD,"Frederick,"
401,Full-Time,The United States Pharmacopeial Convention,"Rockville, MD",MD,"Rockville,"
402,Full-Time,Aerotek,"Morrisville, NC",NC,"Morrisville,"
403,Full-Time,Johnson & Johnson,"Lancaster, PA",PA,"Lancaster,"
404,Contractor,Apex Life Sciences,"Richmond, VA",VA,"Richmond,"
405,Full-Time,"QPS, LLC.","110 Executive Drive

Newark, DE",DE,"Richmond,110ExecutiveDriveNewark,"
406,Full-Time,"QPS, LLC.","3 Innovation Way

Newark, DE",DE,"Richmond,110ExecutiveDriveNewark,3InnovationWayNewark,"
407,Full-Time,Job Juncture,"Cambridge, MA",MA,"Cambridge,"
408,Full-Time,General Dynamics Information Technology,"Frederick, MD",MD,"Frederick,"
409,Full-Time,The United States Pharmacopeial Convention,"Rockville, MD",MD,"Rockville,"
410,Full-Time,"Akorn, Inc","Vernon Hills, NJ",NJ,"VernonHills,"
411,Full-Time,Real Staffing,"Richmond, VA",VA,"Richmond,"
412,Full-Time,Kelly Scientific Resources,"Norwood, OH",OH,"Norwood,"
413,Full-Time,"Consolidated Safety Services, Inc","Durham, NC",NC,"Durham,"
414,Full-Time | Pay: $120k - $130k/year,Network ESC,"NYC-Phila, NJ",NJ,"NYC-Phila,"
415,Full-Time,"Gannett Co., Inc.","McLean, VA",VA,"McLean,"
416,Full-Time,ADP - Automatic Data Processing,"Parsippany-Troy Hills, NJ


View 2 more",NJ,"McLean,Parsippany-TroyHills,View2more"
417,Full-Time,Vencore,"Redstone Arsenal, AL",AL,"RedstoneArsenal,"
418,Full-Time,QTI Group,"Mount Horeb, WI",WI,"MountHoreb,"
419,Full-Time | Pay: $140k - $155k/year,Lucas Group - Search,"Atlanta, GA",GA,"Atlanta,"
420,Full-Time,The Judge Group,"Milpitas, CA",CA,"Milpitas,"
421,Full-Time,Kinetix Technology,"McLean, VA",VA,"McLean,"
422,Full-Time | Pay: $55k - $65k/year,Aerotek,"San Diego, CA",CA,"SanDiego,"
423,Full-Time,Crowe Horwath LLP,"Chicago, IL


View 1 more",IL,"SanDiego,Chicago,View1more"
424,Full-Time,CareerBuilder,"Norcross, GA",GA,"Norcross,"
425,Contractor,Apex Life Sciences,"Cambridge, MA",MA,"Cambridge,"
426,Full-Time,Tetra Tech,"Boston, MA",MA,"Boston,"
427,Full-Time,NMS Labs,"Canutillo, TX",TX,"Canutillo,"
428,Full-Time,Mercy,"Cassville, MO",MO,"Cassville,"
429,Full-Time,General Dynamics Information Technology,"Frederick, MD",MD,"Frederick,"
430,Full-Time,The Tulalip Tribes of Washington,"6406 Marine Drive Northeast

Marysville, WA",WA,"Frederick,6406MarineDriveNortheastMarysville,"
431,Contractor | Pay: $70.00 - $80.00/hour,DISYS,"Plano, TX


View 1 more",TX,"Frederick,6406MarineDriveNortheastMarysville,Plano,View1more"
432,Full-Time,Pioneer Data Systems Inc,"Somerville, NJ",NJ,"Somerville,"
433,Full-Time,Kelly Scientific Resources,"Marysville, OH


View 1 more",OH,"Somerville,Marysville,View1more"
434,Full-Time,Apex Life Sciences,"Lancaster, PA",PA,"Lancaster,"
435,Full-Time | Pay: $22.00 - $25.00/hour,Aerotek,"Canton, MA",MA,"Canton,"
436,Full-Time,West Pacific Medical Laboratory,"10200 Pioneer Boulevard

Santa Fe Springs, CA",MA,"Canton,"
437,Full-Time,SGS North America,"West Chester, PA",PA,"WestChester,"
438,Full-Time,CCC Information Services Inc,"Chicago, IL",IL,"Chicago,"
439,Full-Time,Callisto Media,"Berkeley, CA",CA,"Berkeley,"
440,Full-Time,ADP - Automatic Data Processing,"Alpharetta, GA",GA,"Alpharetta,"
441,Full-Time,GAF Materials Corporation,"Parsippany-Troy Hills, NJ",NJ,"Parsippany-TroyHills,"
442,Full-Time,AMRI,"West Lafayette, IN",IN,"WestLafayette,"
443,Full-Time,DCS Corp,"Lexington Park, MD",MD,"LexingtonPark,"
444,Full-Time,Click IT Staffing,"2000 Warrington Way

Louisville, KY",KY,"LexingtonPark,2000WarringtonWayLouisville,"
445,Full-Time,Corning,"Corning, NY",NY,"Corning,"
446,Full-Time,Apex Systems,"Akron, OH",OH,"Akron,"
447,Full-Time,Chickasaw Nation Industries,"Lakewood, CO",CO,"Lakewood,"
448,Full-Time,Canteen,"Charlotte, NC",NC,"Charlotte,"
449,Full-Time | Pay: $20.00 - $25.00/hour,Aerotek,"Philadelphia, PA",PA,"Philadelphia,"
450,Full-Time,Eurofins,"Kalamazoo, MI",MI,"Kalamazoo,"
451,Full-Time,Pioneer Data Systems Inc,"Somerville, NJ",NJ,"Somerville,"
452,Full-Time | Pay: $22.00 - $25.00/hour,Aerotek,"Canton, MA",MA,"Canton,"
453,Full-Time,West Pacific Medical Laboratory,"10200 Pioneer Boulevard

Santa Fe Springs, CA",MA,"Canton,"
454,Full-Time,SGS North America,"West Chester, PA",PA,"WestChester,"
455,Full-Time,Callisto Media,"Berkeley, CA",CA,"Berkeley,"
456,Full-Time,"EagleView Technologies, Inc.","Arlington, VA",VA,"Arlington,"
457,Full-Time,GAF Materials Corporation,"Parsippany-Troy Hills, NJ",NJ,"Parsippany-TroyHills,"
458,Full-Time,AMRI,"West Lafayette, IN",IN,"WestLafayette,"
459,Full-Time,DCS Corp,"Lexington Park, MD",MD,"LexingtonPark,"
460,Full-Time,Click IT Staffing,"2000 Warrington Way

Louisville, KY",KY,"LexingtonPark,2000WarringtonWayLouisville,"
461,Full-Time,Corning,"Corning, NY",NY,"Corning,"
462,Full-Time,Apex Systems,"Akron, OH",OH,"Akron,"
463,Full-Time | Pay: $20.00 - $25.00/hour,Aerotek,"Philadelphia, PA",PA,"Philadelphia,"
464,Full-Time,Johnson & Johnson,"Spring House, PA",PA,"SpringHouse,"
465,Full-Time,QuintilesIMS,"Durham, NC",NC,"Durham,"
466,Full-Time,ADP - Automatic Data Processing,"Alpharetta, GA",GA,"Alpharetta,"
467,Full-Time,Vencore,"Redstone Arsenal, AL",AL,"RedstoneArsenal,"
468,Contractor,Genesis10,"Mountain View, CA",CA,"MountainView,"
469,Full-Time,ADP - Automatic Data Processing,"Parsippany-Troy Hills, NJ",NJ,"Parsippany-TroyHills,"
470,Full-Time,Apex Systems,"New York, NY",NY,"NewYork,"
471,Full-Time | Pay: $140k - $160k/year,CyberCoders,"Austin, TX",TX,"Austin,"
472,Full-Time,Scientific Research Corp,"Augusta, GA",GA,"Augusta,"
473,Full-Time,"Altec Industries , Inc.","Birmingham, AL",AL,"Birmingham,"
474,Full-Time,General Mills Inc.,"Minneapolis, MN",MN,"Minneapolis,"
475,Full-Time,Corporate Main Campus,"Nashville, TN


View 1 more",TN,"Minneapolis,Nashville,View1more"
476,Full-Time | Pay: $140k - $160k/year,CyberCoders,"Austin, TX",TX,"Austin,"
477,Contractor,Bartech Group,"Dearborn, MI",MI,"Dearborn,"
478,Full-Time,Miltenyi Biotec,"85 Hamilton Street

Cambridge, MA",MA,"Dearborn,HamiltonStreetCambridge,"
479,Full-Time,ExecuNet,"Chesterfield, MO


View 3 more",MO,"Dearborn,HamiltonStreetCambridge,Chesterfield,View3more"
480,Full-Time | Pay: $175k - $250k/year,CyberCoders,"Houston, TX


View 1 more",TX,"Dearborn,HamiltonStreetCambridge,Chesterfield,View3moreHouston,View1more"
481,Full-Time,CarMax,"Richmond, VA


View 1 more",VA,"Dearborn,HamiltonStreetCambridge,Chesterfield,View3moreHouston,View1moreRichmond,View1more"
482,Full-Time | Pay: $130k - $150k/year,Nigel Frank International US,"Norridge, IL


View 2 more",IL,"Dearborn,HamiltonStreetCambridge,Chesterfield,View3moreHouston,View1moreRichmond,View1moreNorridge,View2more"
483,Full-Time,SGS North America,"Malta, NY",NY,"Malta,"
484,Full-Time,UnitedHealth Group,"Eden Prairie, MN",MN,"EdenPrairie,"
485,Full-Time,The Select Group,"Raleigh, NC",NC,"Raleigh,"
486,Full-Time,Infoblox,"Tacoma, WA",WA,"Tacoma,"
487,Full-Time,AAA (The Auto Club Group),"Tampa, FL",FL,"Tampa,"
488,Full-Time,"TeleTech Holdings, Inc","Burlington, MA",MA,"Burlington,"
489,Full-Time,CDK Global,"Austin, TX",TX,"Austin,"
490,Full-Time,Deloitte,"Boston, MA


View 1 more",MA,"Austin,Boston,View1more"
491,Full-Time,Deloitte,"Arlington, VA


View 1 more",VA,"Austin,Boston,View1moreArlington,View1more"
492,Full-Time,Johnson & Johnson,"Spring House, PA",PA,"SpringHouse,"
493,Full-Time,ADP - Automatic Data Processing,"Roseland, NJ",NJ,"Roseland,"
494,Full-Time,Johnson & Johnson,"Spring House, PA",PA,"SpringHouse,"
495,Full-Time | Pay: $150k/year,Hunter Technical Resources,"Herndon, VA",VA,"Herndon,"
496,Full-Time,Yoh,"Portland, OR",OR,"Portland,"
497,Full-Time,"Economic Modeling, LLC (Emsi)","Moscow, ID",ID,"Moscow,"
498,Full-Time,Cardno USA Inc,"Madison, WI


View 1 more",WI,"Moscow,Madison,View1more"
499,Full-Time | Pay: $17.00 - $28.00/hour,Aerotek,"Hershey, PA",PA,"Hershey,"
500,Full-Time,ExecuNet,"Chesterfield, MO


View 3 more",MO,"Hershey,Chesterfield,View3more"
501,Full-Time | Pay: $175k - $250k/year,CyberCoders,"Houston, TX


View 1 more",TX,"Hershey,Chesterfield,View3moreHouston,View1more"
502,Full-Time,CarMax,"Richmond, VA


View 1 more",VA,"Hershey,Chesterfield,View3moreHouston,View1moreRichmond,View1more"
503,Full-Time | Pay: $130k - $150k/year,Nigel Frank International US,"Norridge, IL


View 2 more",IL,"Hershey,Chesterfield,View3moreHouston,View1moreRichmond,View1moreNorridge,View2more"
504,Full-Time,SGS North America,"Malta, NY",NY,"Malta,"
505,Full-Time,UnitedHealth Group,"Eden Prairie, MN",MN,"EdenPrairie,"
506,Full-Time,The Select Group,"Raleigh, NC",NC,"Raleigh,"
507,Full-Time,Infoblox,"Tacoma, WA",WA,"Tacoma,"
508,Full-Time,AAA (The Auto Club Group),"Tampa, FL",FL,"Tampa,"
509,Full-Time,"TeleTech Holdings, Inc","Burlington, MA",MA,"Burlington,"
510,Full-Time,Eurofins,"West Greenwich, RI",RI,"WestGreenwich,"
511,Contractor,Yoh,"Raleigh, NC


View 1 more",NC,"WestGreenwich,Raleigh,View1more"
512,Full-Time | Pay: $175k - $325k/year,CyberCoders,"Chicago, IL",IL,"Chicago,"
513,Contractor,Apex Life Sciences,"San Diego, CA",CA,"SanDiego,"
514,Full-Time,"Akorn, Inc","Cranbury, NJ


View 2 more",NJ,"SanDiego,Cranbury,View2more"
515,Contractor,Visionaire Partners,"Atlanta, GA",GA,"Atlanta,"
516,Contractor,Apex Life Sciences,"Naugatuck, CT",CT,"Naugatuck,"
517,Full-Time,Johnson & Johnson,"Malvern, PA",PA,"Malvern,"
518,Full-Time,CAMRIS International,"Portsmouth, VA


View 1 more",VA,"Malvern,Portsmouth,View1more"
519,Full-Time | Pay: $65k - $85k/year,PotashCorp,"1530 North Carolina 306

Aurora, NC",NC,"Malvern,Portsmouth,View1more1530NorthCarolina306Aurora,"
520,Contractor | Pay: $17.00 - $21.43/hour,Alpha Consulting,"New Brunswick, NJ",NJ,"NewBrunswick,"
521,Full-Time,Apple Inc.,"Cupertino, CA",CA,"Cupertino,"
522,Full-Time,Nigel Frank International US,"Cambridge, MA",MA,"Cambridge,"
523,Full-Time,CDK Global,"Austin, TX",TX,"Austin,"
524,Full-Time,Deloitte,"Boston, MA


View 1 more",MA,"Austin,Boston,View1more"
525,Full-Time,"Akorn, Inc","Cranbury, NJ


View 2 more",NJ,"Austin,Boston,View1moreCranbury,View2more"
526,Contractor,Visionaire Partners,"Atlanta, GA",GA,"Atlanta,"
527,Contractor,Apex Life Sciences,"Naugatuck, CT",CT,"Naugatuck,"
528,Full-Time,Johnson & Johnson,"Malvern, PA",PA,"Malvern,"
529,Full-Time,CAMRIS International,"Portsmouth, VA


View 1 more",VA,"Malvern,Portsmouth,View1more"
530,Full-Time | Pay: $65k - $85k/year,PotashCorp,"1530 North Carolina 306

Aurora, NC",NC,"Malvern,Portsmouth,View1more1530NorthCarolina306Aurora,"
531,Contractor | Pay: $17.00 - $21.43/hour,Alpha Consulting,"New Brunswick, NJ",NJ,"NewBrunswick,"
532,Full-Time,Apple Inc.,"Cupertino, CA",CA,"Cupertino,"
533,Full-Time,Nigel Frank International US,"Cambridge, MA",MA,"Cambridge,"
534,Full-Time,American Systems Corporation,"Manassas, VA",VA,"Manassas,"
535,Contractor | Pay: $37.00 - $43.23/hour,Alpha Consulting,"Cincinnati, OH",OH,"Cincinnati,"
536,Full-Time,Battelle Memorial Institute,"West Jefferson, OH",OH,"WestJefferson,"
537,Full-Time,Lafayette General Health,"2390 West Congress Street

Lafayette, LA",LA,"WestJefferson,2390WestCongressStreetLafayette,"
538,Full-Time,Medix,"Cambridge, MA",MA,"Cambridge,"
539,Contractor,Spectraforce,"East Syracuse, NY",NY,"EastSyracuse,"
540,Contractor,The Select Group,"Raleigh, NC",NC,"Raleigh,"
541,Full-Time,Real Staffing,"Cambridge, MA",MA,"Cambridge,"
542,Full-Time,Cardno USA Inc,"Sacramento, CA",CA,"Sacramento,"
543,Full-Time,"American Cybersystems, Inc. (ACS Group)","Lexington, MA",MA,"Lexington,"
544,Full-Time,"Clinical Pathology Laboratories, Inc","Austin, TX",TX,"Austin,"
545,Full-Time,Avantor,"Bridgewater, NJ",NJ,"Bridgewater,"
546,Full-Time,Advantage xPO,"2100 Winchester Road

Neenah, WI",WI,"Bridgewater,2100WinchesterRoadNeenah,"
547,Full-Time | Pay: $70k - $150k/year,CameronCraigGroup,"Haverstraw, NY",NY,"Haverstraw,"
548,Full-Time,"Medline Industries, Inc.","Northfield, IL",IL,"Northfield,"
549,Full-Time | Pay: $25.00 - $30.00/hour,The Creative Group,"Phoenix, AZ",AZ,"Phoenix,"
550,Full-Time,Chickasaw Nation Industries,"Atlanta, GA",GA,"Atlanta,"
551,Full-Time,Apex Life Sciences,"Gaithersburg, MD


View 3 more",MD,"Atlanta,Gaithersburg,View3more"
552,Full-Time,Job Juncture,"Haverstraw, NY",NY,"Haverstraw,"
553,Contractor,Bartech Group,"Dearborn, MI",MI,"Dearborn,"
554,Full-Time,AMRI,"Rensselaer, NY


View 1 more",NY,"Dearborn,Rensselaer,View1more"
555,Full-Time,"The Staffing Resource Group, Inc","Miami, FL",FL,"Miami,"
556,Full-Time | Pay: $21.00/hour,Joule,"New Brunswick, NJ",NJ,"NewBrunswick,"
557,Full-Time,Battelle Memorial Institute,"West Jefferson, OH",OH,"WestJefferson,"
558,Full-Time,Battelle Memorial Institute,"West Jefferson, OH",OH,"WestJefferson,"
559,Full-Time,Battelle Memorial Institute,"West Jefferson, OH",OH,"WestJefferson,"
560,Full-Time,ITW,"30 Endicott Street

Danvers, MA",MA,"WestJefferson,EndicottStreetDanvers,"
561,Full-Time,Volt,"Valhalla, NY",NY,"Valhalla,"
562,Contractor,Apex Life Sciences,"San Francisco, CA",CA,"SanFrancisco,"
563,Full-Time,QTI Group,"Mount Horeb, WI",WI,"MountHoreb,"
564,Full-Time,"TEKsystems, Inc","Dearborn, MI",MI,"Dearborn,"
565,Full-Time,"American Cybersystems, Inc. (ACS Group)","Auburn Hills, MI",MI,"AuburnHills,"
566,Full-Time,Vencore,"Melbourne, FL


View 6 more",FL,"AuburnHills,Melbourne,View6more"
567,Full-Time,Stanford Health Care,"Palo Alto, CA",CA,"PaloAlto,"
568,Full-Time,Arcadis,"Concord, CA",CA,"Concord,"
569,Full-Time,Johnson & Johnson,"San Diego, CA


View 1 more",CA,"Concord,SanDiego,View1more"
570,Full-Time,Aerotek,"San Jose, CA",CA,"SanJose,"
571,Full-Time,Alion Science and Technology,"Edison, NJ",NJ,"Edison,"
572,Full-Time,Battelle Memorial Institute,"Panama City, FL",FL,"PanamaCity,"
573,Full-Time,Apex Life Sciences,"Brooklyn Park, MN",MN,"BrooklynPark,"
574,Full-Time,Johnson & Johnson,"Fremont, CA


View 4 more",CA,"BrooklynPark,Fremont,View4more"
575,Full-Time,WSP / USA,"Baltimore, MD",MD,"Baltimore,"
576,Contract to Hire | Pay: $80.00 - $90.00/hour,Saicon,"South San Francisco, CA",CA,"SouthSanFrancisco,"
577,Full-Time,Kelly Global Talent Solution,"Mead, CO",CO,"Mead,"
578,Full-Time | Pay: $150k - $175k/year,"RiverPoint Group, L.L.C.","Hoffman Estates, IL",IL,"HoffmanEstates,"
579,Full-Time,Holy Cross Health,"Silver Spring, MD",MD,"SilverSpring,"
580,Full-Time,"Atkins North America, Inc.","Atlanta, GA",GA,"Atlanta,"
581,Full-Time,Rahr Corporation,"Shakopee, MN",MN,"Shakopee,"
582,Full-Time,Southwest Research Institute,"San Antonio, TX",TX,"SanAntonio,"
583,Contractor,Apex Life Sciences,"San Francisco, CA",CA,"SanFrancisco,"
584,Full-Time,QTI Group,"Mount Horeb, WI",WI,"MountHoreb,"
585,Full-Time,"TEKsystems, Inc","Dearborn, MI",MI,"Dearborn,"
586,Full-Time,"American Cybersystems, Inc. (ACS Group)","Auburn Hills, MI",MI,"AuburnHills,"
587,Full-Time,ADP - Automatic Data Processing,"Roseland, NJ",NJ,"Roseland,"
588,Full-Time,"Interactive Data, LLC","Boca Raton, FL",FL,"BocaRaton,"
589,Contractor,"TechData Service Company, LLC","San Francisco, CA",CA,"SanFrancisco,"
590,Full-Time,ADP - Automatic Data Processing,"Augusta, GA",GA,"Augusta,"
591,Full-Time,ADP - Automatic Data Processing,"Salt Lake City, UT",UT,"SaltLakeCity,"
592,Contractor | Pay: $100k/year,Signature Consultants,"Richmond, VA",VA,"Richmond,"
593,Full-Time,AbilityLab,"Chicago, IL",IL,"Chicago,"
594,Full-Time,Educational Testing Service,"Princeton, NJ",NJ,"Princeton,"
595,Contractor | Pay: $35.00 - $43.00/hour,DISYS,"Spring, TX",TX,"Spring,"
596,Full-Time,Certilytics,"Louisville, KY",KY,"Louisville,"
597,Full-Time,The Judge Group,"Englewood, CO",CO,"Englewood,"
598,Full-Time,Experis,"The Woodlands, TX",TX,"TheWoodlands,"
599,Full-Time,Apex Systems,"Foster City, CA",CA,"FosterCity,"
600,Full-Time,Vencore,"McLean, VA


View 2 more",VA,"FosterCity,McLean,View2more"
601,Full-Time,Yoh,"Berkeley Heights, NJ",NJ,"BerkeleyHeights,"
602,Full-Time,Real Staffing,"Berkeley Heights, NJ",NJ,"BerkeleyHeights,"
603,Contractor,Apex Life Sciences,"Berkeley Heights, NJ


View 2 more",NJ,"BerkeleyHeights,BerkeleyHeights,View2more"
604,Full-Time,Genesis10,"Eden Prairie, MN",MN,"EdenPrairie,"
605,Full-Time,Battelle Memorial Institute,"Columbus, OH",OH,"Columbus,"
606,Full-Time,Battelle Memorial Institute,"Columbus, OH",OH,"Columbus,"
607,Full-Time,General Motors,"Pontiac, MI


View 1 more",MI,"Columbus,Pontiac,View1more"
608,Full-Time,ADP - Automatic Data Processing,"Alpharetta, GA",GA,"Alpharetta,"
609,Full-Time,ADP - Automatic Data Processing,"New York, NY",NY,"NewYork,"
610,Full-Time,ADP - Automatic Data Processing,"Alpharetta, GA",GA,"Alpharetta,"
611,Full-Time,Mary Kay,"Dallas, TX",TX,"Dallas,"
612,Full-Time,ADP - Automatic Data Processing,"Elk Grove Village, IL",IL,"ElkGroveVillage,"
613,Full-Time,ADP - Automatic Data Processing,"Alpharetta, GA",GA,"Alpharetta,"
614,Full-Time,Solvay,"Greenville, SC",SC,"Greenville,"
615,Full-Time,The Rawlings Group,"Louisville, KY",KY,"Louisville,"
616,Full-Time,ADP - Automatic Data Processing,"Alpharetta, GA",GA,"Alpharetta,"
617,Full-Time,ADP - Automatic Data Processing,"New York, NY",NY,"NewYork,"
618,Full-Time,ADP - Automatic Data Processing,"New York, NY",NY,"NewYork,"
619,Contractor | Pay: $100k/year,Signature Consultants,"Richmond, VA",VA,"Richmond,"
620,Full-Time,AMRI,"West Lafayette, IN",IN,"WestLafayette,"
621,Full-Time,LMI,"Herndon, VA",VA,"Herndon,"
622,Full-Time,CDK Global,"Seattle, WA",WA,"Seattle,"
623,Full-Time,Kelly Scientific Resources,"Bothell, WA


View 1 more",WA,"Seattle,Bothell,View1more"
624,Full-Time,Kelly Scientific Resources,"Bothell, WA",WA,"Bothell,"
625,Full-Time,UnitedHealth Group,"Eden Prairie, MN",MN,"EdenPrairie,"
626,Full-Time,Genmark Diagnostics,"Carlsbad, CA",CA,"Carlsbad,"
627,Full-Time,Dialog Direct,"Highland Park, MI",MI,"HighlandPark,"
628,Full-Time,The United States Pharmacopeial Convention,"Rockville, MD",MD,"Rockville,"
629,Full-Time,"CAS, A Division of the American Chemical Society","Columbus, OH",OH,"Columbus,"
630,Full-Time,"Foth Infrastructure & Environment, LLC","Duluth, MN",MN,"Duluth,"
631,Full-Time | Pay: $100k - $175k/year,CyberCoders,"Sunnyvale, CA


View 5 more",CA,"Duluth,Sunnyvale,View5more"
632,Full-Time,CDK Global,"Hoffman Estates, IL


View 5 more",IL,"Duluth,Sunnyvale,View5moreHoffmanEstates,View5more"
633,Full-Time,ExecuNet,"San Francisco, CA",CA,"SanFrancisco,"
634,Full-Time,CDK Global LLC,"Dearborn, MI


View 1 more",MI,"SanFrancisco,Dearborn,View1more"
635,Full-Time,CDK Global,"San Francisco, CA",CA,"SanFrancisco,"
636,Full-Time,Kelly Scientific Resources,"South San Francisco, CA",CA,"SouthSanFrancisco,"
637,Part-Time,System One,"San Antonio, TX",TX,"SanAntonio,"
638,Full-Time,"EagleView Technologies, Inc.","Arlington, VA",VA,"Arlington,"
639,Full-Time,Ametek Inc.,"Mahwah, NJ",NJ,"Mahwah,"
640,Full-Time,Battelle Memorial Institute,"Baltimore, MD",MD,"Baltimore,"
641,Full-Time,CDK Global LLC,"Los Angeles, CA


View 1 more",CA,"Baltimore,LosAngeles,View1more"
642,Full-Time,LMI,"Herndon, VA


View 1 more",VA,"Baltimore,LosAngeles,View1moreHerndon,View1more"
643,Full-Time | Pay: $160k - $200k/year,CyberCoders,"San Francisco, CA",CA,"SanFrancisco,"
644,Full-Time,HealthONE Physician Services LLC,"Denver, CO",CO,"Denver,"
645,Full-Time | Pay: $50.00 - $53.52/hour,The Creative Group,"New York, NY",NY,"NewYork,"
646,Full-Time,EXL Service,"10 Exchange Place

Jersey City, NJ


View 2 more near this location",NY,"NewYork,"
647,Full-Time,EXL Service,"San Francisco, CA


View 1 more",CA,"NewYork,SanFrancisco,View1more"
648,Full-Time,EXL Service,"San Francisco, CA",CA,"SanFrancisco,"
649,Full-Time,EXL Service,"10 Exchange Place

Jersey City, NJ


View 2 more near this location",CA,"SanFrancisco,"
650,Full-Time,"TEKsystems, Inc","Irvine, CA",CA,"Irvine,"
651,Full-Time,"Sinclair Broadcast Group, Inc.","Seattle, WA",WA,"Seattle,"
652,Full-Time,CDK Global,"Hoffman Estates, IL


View 2 more",IL,"Seattle,HoffmanEstates,View2more"
653,Full-Time,Apex Systems,"St. Louis, MO",MO,"St.Louis,"
654,Full-Time,MGM Resorts International,"840 Grier Drive

Las Vegas, NV",NV,"St.Louis,840GrierDriveLasVegas,"
655,Contractor,"Viva USA, Inc.","San Diego, CA",CA,"SanDiego,"
656,Full-Time,"TEKsystems, Inc","Portland, OR",OR,"Portland,"
657,Full-Time,HCA HR Center of Excellence,"Nashville, TN",TN,"Nashville,"
658,Full-Time,"TeleTech Holdings, Inc","Burlington, MA",MA,"Burlington,"
659,Full-Time,Sarah Cannon Research Institute Clinical Operations,"Nashville, TN",TN,"Nashville,"
660,Full-Time,Sarah Cannon Research Institute Clinical Operations,"Nashville, TN",TN,"Nashville,"
661,Full-Time,Altair,"Warren, MI",MI,"Warren,"
662,Full-Time,CCC Information Services Inc,"Austin, TX


View 1 more",TX,"Warren,Austin,View1more"
663,Full-Time,"Information Technology Coalition, Inc.","Greenbelt, MD",MD,"Greenbelt,"
664,Full-Time,"TEKsystems, Inc","Little Rock, AR


View 1 more",AR,"Greenbelt,LittleRock,View1more"
665,Full-Time,ZOLL LifeVest,"121 Gamma Drive

Pittsburgh, PA",PA,"Greenbelt,LittleRock,View1more121GammaDrivePittsburgh,"
666,Full-Time,Altair,"Wyoming, MN


View 2 more",MN,"Greenbelt,LittleRock,View1more121GammaDrivePittsburgh,Wyoming,View2more"
667,Full-Time,Vantiv,"Lowell, MA",MA,"Lowell,"
668,Full-Time,ExecuNet,"Stamford, CT",CT,"Stamford,"
669,Full-Time | Pay: $150k/year,Robert Half Technology,"San Francisco, CA


View 1 more",CA,"Stamford,SanFrancisco,View1more"
670,Contractor,Robert Half Technology,"Cincinnati, OH",OH,"Cincinnati,"
671,Full-Time,EMD Serono,"Billerica, MA",MA,"Billerica,"
672,Full-Time,Scripps Corporate Offices,"4275 Campus Point Court

San Diego, CA",MA,"Billerica,"
673,Full-Time,"QPS, LLC.","1 Innovation Way

Newark, DE",DE,"Billerica,1InnovationWayNewark,"
674,Full-Time,CDK Global LLC,"Seattle, WA


View 2 more",WA,"Billerica,1InnovationWayNewark,Seattle,View2more"
675,Full-Time,"TEKsystems, Inc","New York, NY",NY,"NewYork,"
676,Full-Time | Pay: $50.00 - $60.00/hour,HireStrategy,"Washington, DC",DC,"Washington,"
677,Full-Time,Mastech,"Cambridge, MA",MA,"Cambridge,"
678,Full-Time,Corning,"Corning, NY",NY,"Corning,"
679,Full-Time,UL LLC,"Northbrook, IL",IL,"Northbrook,"
680,Full-Time,KellyMitchell,"Alpharetta, GA


View 1 more",GA,"Northbrook,Alpharetta,View1more"
681,Full-Time,Scientific Research Corp,"North Charleston, SC",SC,"NorthCharleston,"
682,Full-Time,Altair,"Auburn Hills, MI",MI,"AuburnHills,"
683,Full-Time,"Verisk Analytics, Inc.","Jersey City, NJ",NJ,"JerseyCity,"
684,Full-Time,Arcadis,"Chicago, IL",IL,"Chicago,"
685,Full-Time,Scientific Research Corp,"San Diego, CA


View 2 more",CA,"Chicago,SanDiego,View2more"
686,Full-Time,Scientific Research Corp,"San Diego, CA


View 6 more",CA,"Chicago,SanDiego,View2moreSanDiego,View6more"
687,Full-Time,Scientific Games,"Alpharetta, GA",GA,"Alpharetta,"
688,Full-Time,CDK Global,"Hoffman Estates, IL",IL,"HoffmanEstates,"
689,Full-Time,ManTech International Corporation,"Herndon, VA",VA,"Herndon,"
690,Full-Time,ExecuNet,"Denver, CO",CO,"Denver,"
691,Full-Time,GAF Materials Corporation,"Parsippany-Troy Hills, NJ",NJ,"Parsippany-TroyHills,"
692,Full-Time,"EagleView Technologies, Inc.","Arlington, VA",VA,"Arlington,"
693,Full-Time,Ametek Inc.,"Mahwah, NJ",NJ,"Mahwah,"
694,Full-Time,Battelle Memorial Institute,"Baltimore, MD",MD,"Baltimore,"
695,Full-Time,CDK Global LLC,"Los Angeles, CA


View 1 more",CA,"Baltimore,LosAngeles,View1more"
696,Part-Time,System One,"San Antonio, TX",TX,"SanAntonio,"
697,Full-Time,Southern Research,"Birmingham, AL",AL,"Birmingham,"
698,Full-Time,EXL Service,"10 Exchange Place

Jersey City, NJ",NJ,"Birmingham,ExchangePlaceJerseyCity,"
699,Full-Time,EXL Service,"10 Exchange Place

Jersey City, NJ


View 2 more near this location",NJ,"Birmingham,ExchangePlaceJerseyCity,"
700,Contractor,"Pyramid Consulting, Inc","Chicago, IL",IL,"Chicago,"
701,Contractor,Yoh,"Pleasanton, CA",CA,"Pleasanton,"
702,Full-Time,MaxisIT,"203 Main Street

Metuchen, NJ",NJ,"Pleasanton,203MainStreetMetuchen,"
703,Full-Time,"iRhythm Technologies, Inc.","San Francisco, CA",CA,"SanFrancisco,"
704,Full-Time,Confidential,"100 Chevron Way

Richmond, CA",CA,"SanFrancisco,100ChevronWayRichmond,"
705,Full-Time | Pay: $24.00/hour,Staffmark,"100 Chevron Way

Richmond, CA",CA,"SanFrancisco,100ChevronWayRichmond,100ChevronWayRichmond,"
706,Full-Time,"Foth Infrastructure & Environment, LLC","Green Bay, WI",WI,"GreenBay,"
707,Full-Time,"CAS, A Division of the American Chemical Society","Columbus, OH",OH,"Columbus,"
708,Full-Time,Kelly Scientific Resources,"South San Francisco, CA",CA,"SouthSanFrancisco,"
709,Full-Time,Southern Research,"Birmingham, AL",AL,"Birmingham,"
710,Full-Time,EXL Service,"10 Exchange Place

Jersey City, NJ",NJ,"Birmingham,ExchangePlaceJerseyCity,"
711,Full-Time,EXL Service,"10 Exchange Place

Jersey City, NJ


View 2 more near this location",NJ,"Birmingham,ExchangePlaceJerseyCity,"
712,Full-Time,EXL Service,"10 Exchange Place

Jersey City, NJ",NJ,"Birmingham,ExchangePlaceJerseyCity,ExchangePlaceJerseyCity,"
713,Full-Time,EXL Service,"10 Exchange Place

Jersey City, NJ


View 3 more near this location",NJ,"Birmingham,ExchangePlaceJerseyCity,ExchangePlaceJerseyCity,"
714,Full-Time,EXL Service,"Louisville, KY",KY,"Louisville,"
715,Full-Time,EXL Service,"Pittsburgh, PA",PA,"Pittsburgh,"
716,Full-Time,EXL Service,"10 Exchange Place

Jersey City, NJ",NJ,"Pittsburgh,ExchangePlaceJerseyCity,"
717,Full-Time,EXL Service,"Pittsburgh, PA",PA,"Pittsburgh,"
718,Full-Time,Scientific Research Corp,"Augusta, GA",GA,"Augusta,"
719,Full-Time,General Dynamics Information Technology,"Portsmouth, RI


View 1 more",RI,"Augusta,Portsmouth,View1more"
720,Full-Time,Apex Systems,"Washington, DC",DC,"Washington,"
721,Full-Time,Battelle Memorial Institute,"Columbus, OH",OH,"Columbus,"
722,Full-Time,CDK Global,"New York, NY",NY,"NewYork,"
723,Full-Time,CDK Global,"Seattle, WA


View 2 more",WA,"NewYork,Seattle,View2more"
724,Full-Time,Johnson & Johnson,"Hopewell Township, NJ


View 2 more",NJ,"NewYork,Seattle,View2moreHopewellTownship,View2more"
725,Full-Time,Johnson & Johnson,"Hopewell Township, NJ


View 1 more",NJ,"NewYork,Seattle,View2moreHopewellTownship,View2moreHopewellTownship,View1more"
726,Full-Time,"Vizient, Inc","Skokie, IL",IL,"Skokie,"
727,Full-Time,CDK Global,"Salt Lake City, UT",UT,"SaltLakeCity,"
728,Full-Time,Altair,"Dearborn, MI


View 1 more",MI,"SaltLakeCity,Dearborn,View1more"
729,Full-Time,CDK Global,"Hoffman Estates, IL",IL,"HoffmanEstates,"
730,Full-Time,"Noblis, Inc","Frederick, MD",MD,"Frederick,"
731,Full-Time,CDK Global LLC,"Hoffman Estates, IL",IL,"HoffmanEstates,"
732,Full-Time,Scientific Research Corp,"Honolulu, HI",HI,"Honolulu,"
733,Full-Time,Jazz Pharmaceuticals,"Palo Alto, CA",CA,"PaloAlto,"
734,Contractor,Apex Life Sciences,"Emeryville, CA",CA,"Emeryville,"
735,Contractor,Apex Life Sciences,"Emeryville, CA",CA,"Emeryville,"
736,Contractor,Mastech Digital,"San Ramon, CA",CA,"SanRamon,"
737,Full-Time,CDK Global,"Hoffman Estates, IL",IL,"HoffmanEstates,"
738,Full-Time,Kleinfelder,"San Diego, CA


View 4 more",CA,"HoffmanEstates,SanDiego,View4more"
739,Full-Time,Xylem,"Yellow Springs, OH",OH,"YellowSprings,"
740,Full-Time,Johnson & Johnson,"Spring House, PA",PA,"SpringHouse,"
741,Full-Time,"CAS, A Division of the American Chemical Society","Columbus, OH",OH,"Columbus,"
742,Full-Time,"CAS, A Division of the American Chemical Society","Columbus, OH",OH,"Columbus,"
743,Full-Time,Kelly Scientific Resources,"Springfield, MO",MO,"Springfield,"
744,Full-Time,Apple Inc.,"Cupertino, CA",CA,"Cupertino,"
745,Full-Time,"CAS, A Division of the American Chemical Society","Columbus, OH",OH,"Columbus,"
746,Full-Time,QuintilesIMS,"Raleigh, NC",NC,"Raleigh,"
747,Full-Time,Cardno USA Inc,"San Francisco, CA",CA,"SanFrancisco,"
748,Full-Time,Kelly Scientific Resources,"Redwood City, CA",CA,"RedwoodCity,"
749,Full-Time,"CAS, A Division of the American Chemical Society","Columbus, OH",OH,"Columbus,"
750,Full-Time,Battelle Memorial Institute,"Columbus, OH


View 1 more",OH,"Columbus,Columbus,View1more"
751,Full-Time,The Judge Group,"Clarkson Valley, MO",MO,"ClarksonValley,"
752,Full-Time,Altair,"Raymond, OH


View 2 more",OH,"ClarksonValley,Raymond,View2more"
753,Full-Time,Altair,"Grant-Valkaria, FL",FL,"Grant-Valkaria,"
754,Full-Time,Midland Consultants,"San Jose, CA


View 1 more",CA,"Grant-Valkaria,SanJose,View1more"
755,Contractor,The Armada Group,"San Jose, CA",CA,"SanJose,"
756,Full-Time,Johnson & Johnson,"Somerville, NJ",NJ,"Somerville,"
757,Full-Time,CDK Global,"Detroit, MI",MI,"Detroit,"
758,Full-Time,Altair,"Huntsville, AL",AL,"Huntsville,"
759,Full-Time,GHD,"Cazenovia, NY


View 1 more",NY,"Huntsville,Cazenovia,View1more"
760,Full-Time,CDK Global,"Seattle, WA


View 1 more",WA,"Huntsville,Cazenovia,View1moreSeattle,View1more"
761,Full-Time,MGM Resorts International,"120 Waterfront Street

Oxon Hill, MD",MD,"Huntsville,Cazenovia,View1moreSeattle,View1more120WaterfrontStreetOxonHill,"
762,Full-Time,Teledyne Technologies,"Lincoln, NE",NE,"Lincoln,"
763,Full-Time,CDK Global LLC,"Seattle, WA",WA,"Seattle,"
764,Full-Time,CDK Global LLC,"Hoffman Estates, IL",IL,"HoffmanEstates,"
765,Full-Time,Vencore,"Bethesda, MD",MD,"Bethesda,"
766,Full-Time | Pay: $120k - $175k/year,CyberCoders,"Palo Alto, CA",CA,"PaloAlto,"
767,Full-Time,Scientific Research Corp,"North Charleston, SC",SC,"NorthCharleston,"
768,Full-Time,CDK Global LLC,"Hoffman Estates, IL",IL,"HoffmanEstates,"
769,Full-Time,Eurofins,"Saint Charles, MO


View 1 more",MO,"HoffmanEstates,SaintCharles,View1more"
770,Full-Time,Apex Life Sciences,"San Diego, CA",CA,"SanDiego,"
771,Full-Time,CDK Global,"Seattle, WA",WA,"Seattle,"
772,Full-Time,Altair,"Rochester Hills, MI",MI,"RochesterHills,"
773,Full-Time,Jazz Pharmaceuticals,"Philadelphia, PA


View 1 more",PA,"RochesterHills,Philadelphia,View1more"
774,Full-Time,Scientific Research Corp,"Warner Robins, GA


View 1 more",GA,"RochesterHills,Philadelphia,View1moreWarnerRobins,View1more"
775,Full-Time,CDK Global LLC,"Seattle, WA",WA,"Seattle,"
776,Full-Time,CDK Global LLC,"Hoffman Estates, IL",IL,"HoffmanEstates,"
777,Full-Time,Vencore,"Bethesda, MD",MD,"Bethesda,"
778,Full-Time | Pay: $120k - $175k/year,CyberCoders,"Palo Alto, CA",CA,"PaloAlto,"
779,Full-Time,Scientific Research Corp,"North Charleston, SC",SC,"NorthCharleston,"
780,Full-Time,CDK Global LLC,"Hoffman Estates, IL",IL,"HoffmanEstates,"
781,Full-Time,Eurofins,"Saint Charles, MO


View 1 more",MO,"HoffmanEstates,SaintCharles,View1more"
782,Full-Time,Apex Life Sciences,"San Diego, CA",CA,"SanDiego,"
783,Full-Time,CDK Global,"Seattle, WA",WA,"Seattle,"
784,Full-Time,Altair,"Rochester Hills, MI",MI,"RochesterHills,"
785,Full-Time,Jazz Pharmaceuticals,"Philadelphia, PA


View 1 more",PA,"RochesterHills,Philadelphia,View1more"
786,Full-Time,Scientific Research Corp,"Warner Robins, GA


View 1 more",GA,"RochesterHills,Philadelphia,View1moreWarnerRobins,View1more"
787,Full-Time,New York City DCAS,"New York, NY",NY,"NewYork,"
788,Full-Time,"Leidos Biomedical Research, Inc.","Frederick, MD",MD,"Frederick,"
789,Full-Time,Battelle Memorial Institute,"Charlottesville, VA",VA,"Charlottesville,"
790,Full-Time,CDK Global LLC,"Seattle, WA",WA,"Seattle,"
791,Full-Time,Altair,"Auburn Hills, MI",MI,"AuburnHills,"
792,Full-Time,Booz Allen Hamilton Inc.,"Annapolis Junction, MD",MD,"AnnapolisJunction,"
793,Full-Time,SABIC,"Selkirk, NY",NY,"Selkirk,"
794,Full-Time,Kleinfelder,"New York, NY",NY,"NewYork,"
795,Full-Time,Kleinfelder,"New York, NY",NY,"NewYork,"
796,Full-Time,CDK Global LLC,"Hoffman Estates, IL",IL,"HoffmanEstates,"
797,Full-Time,Vencore,"Chantilly, VA


View 3 more",VA,"HoffmanEstates,Chantilly,View3more"
798,Contractor,Apex Life Sciences,"San Francisco, CA",CA,"SanFrancisco,"
799,Full-Time,Southern Research,"Birmingham, AL",AL,"Birmingham,"
800,Full-Time,Scientific Research Corp,"Chesapeake, VA


View 2 more",VA,"Birmingham,Chesapeake,View2more"
801,Full-Time,WSP | Parsons Brinckerhoff,"Sacramento, CA",CA,"Sacramento,"
802,Full-Time,Terumo BCT,"Lakewood, CO",CO,"Lakewood,"
803,Contract to Hire,EntroGen,"Los Angeles, CA",CA,"LosAngeles,"
804,Contractor,Yoh,"San Francisco, CA",CA,"SanFrancisco,"
805,Full-Time,RK&K,"Baltimore, MD",MD,"Baltimore,"
806,Full-Time,Sotera Defense Solutions,"San Antonio, TX",TX,"SanAntonio,"
807,Full-Time,CDK Global,"Salt Lake City, UT",UT,"SaltLakeCity,"
808,Full-Time,Scientific Research Corp,"Augusta, GA",GA,"Augusta,"
809,Full-Time,Scientific Research Corp,"Augusta, GA",GA,"Augusta,"
810,Full-Time,Scientific Research Corp,"North Charleston, SC",SC,"NorthCharleston,"
811,Full-Time,CDK Global LLC,"Rockville, MD


View 1 more",MD,"NorthCharleston,Rockville,View1more"
812,Full-Time,CDK Global LLC,"Cincinnati, OH",OH,"Cincinnati,"
813,Full-Time,CDK Global,"Hoffman Estates, IL",IL,"HoffmanEstates,"
814,Full-Time,Exponent,"23445 North 19th Avenue

Phoenix, AZ",AZ,"HoffmanEstates,23445North19thAvenuePhoenix,"
815,Full-Time,Miltenyi Biotec,"85 Hamilton Street

Cambridge, MA",MA,"HoffmanEstates,23445North19thAvenuePhoenix,HamiltonStreetCambridge,"
816,Full-Time,Precision Medicine Group,"New York, NY",NY,"NewYork,"
817,Full-Time,CDK Global LLC,"Richmond, VA",VA,"Richmond,"
818,Full-Time,QTI Group,"Mount Horeb, WI",WI,"MountHoreb,"
819,Full-Time,Insight Global,"Bridgewater, NJ",NJ,"Bridgewater,"
820,Full-Time,CDK Global LLC,"Cincinnati, OH",OH,"Cincinnati,"
821,Full-Time,CDK Global LLC,"Cincinnati, OH


View 1 more",OH,"Cincinnati,Cincinnati,View1more"
822,Full-Time,Altair,"Gilbert, AZ",AZ,"Gilbert,"
823,Full-Time,Kelly Scientific Resources,"Redwood City, CA",CA,"RedwoodCity,"
824,Full-Time,GHD,"Dallas, TX",TX,"Dallas,"
825,Full-Time,Miltenyi Biotec,"910 Clopper Road

Gaithersburg, MD",MD,"Dallas,910ClopperRoadGaithersburg,"
826,Contractor | Pay: $0.00 - $37.00/hour,Kforce Technology,"Redwood City, CA",CA,"RedwoodCity,"
827,Full-Time,CDK Global LLC,"Hoffman Estates, IL",IL,"HoffmanEstates,"
828,Full-Time,Beckman Coulter,"2295 Progress Drive

Hebron, KY",KY,"HoffmanEstates,2295ProgressDriveHebron,"
829,Full-Time,Rincon Research Corporation,"Tucson, AZ",AZ,"Tucson,"
830,Full-Time,Rincon Research Corporation,"Tucson, AZ",AZ,"Tucson,"
831,Full-Time,ExecuNet,"Bellevue, WA


View 1 more",WA,"Tucson,Bellevue,View1more"
832,Full-Time,ExecuNet,"Bellevue, WA",WA,"Bellevue,"
833,Contractor | Pay: $130k - $140k/year,"Blackstone Technology Group, Inc","San Francisco, CA",CA,"SanFrancisco,"
834,Full-Time,Altair,"Auburn Hills, MI",MI,"AuburnHills,"
835,Full-Time,Johnson & Johnson,"Hopewell Township, NJ


View 1 more",NJ,"AuburnHills,HopewellTownship,View1more"
836,Full-Time,The Judge Group,"Redmond, WA",WA,"Redmond,"
837,Full-Time,CDK Global LLC,"Petaluma, CA",CA,"Petaluma,"
838,Full-Time,Scientific Research Corp,"North Charleston, SC",SC,"NorthCharleston,"
839,Full-Time,Celgard LLC,"Concord, NC",NC,"Concord,"
840,Full-Time,CDK Global,"Houston, TX",TX,"Houston,"
841,Full-Time,CDK Global LLC,"Hoffman Estates, IL",IL,"HoffmanEstates,"
842,Full-Time,CDK Global LLC,"Petaluma, CA",CA,"Petaluma,"
843,Full-Time,CDK Global,"Hoffman Estates, IL",IL,"HoffmanEstates,"
844,Full-Time,CDK Global,"Salt Lake City, UT",UT,"SaltLakeCity,"
845,Full-Time,Albemarle,"Kings Mountain, NC",NC,"KingsMountain,"
846,Full-Time,KellyMitchell,"St. Louis, MO",MO,"St.Louis,"
847,Full-Time,Apex Systems,"San Diego, CA",CA,"SanDiego,"
848,Full-Time,BAE Systems,"Annapolis Junction, MD",MD,"AnnapolisJunction,"
849,Contract to Hire | Pay: $50.00/hour,Help-Hire Healthcare,"St. Louis, MO",MO,"St.Louis,"
850,Full-Time,Temple University,"Philadelphia, PA",PA,"Philadelphia,"
851,Full-Time,Temple University,"Philadelphia, PA",PA,"Philadelphia,"
852,Full-Time,Kleinfelder,"Denver, CO


View 1 more",CO,"Philadelphia,Denver,View1more"
853,Full-Time,CDK Global,"Hoffman Estates, IL",IL,"HoffmanEstates,"
854,Full-Time,CDK Global,"Hoffman Estates, IL",IL,"HoffmanEstates,"
855,Full-Time,Scientific Research Corp,"North Charleston, SC


View 1 more",SC,"HoffmanEstates,NorthCharleston,View1more"
856,Full-Time,Scientific Research Corp,"Atlanta, GA


View 1 more",GA,"HoffmanEstates,NorthCharleston,View1moreAtlanta,View1more"
857,Full-Time,"Soar Technology, Inc","3600 Green Court

Ann Arbor, MI",MI,"HoffmanEstates,NorthCharleston,View1moreAtlanta,View1more3600GreenCourtAnnArbor,"
858,Full-Time,"Fredrikson & Byron, P.A.","Minneapolis, MN",MN,"Minneapolis,"
859,Full-Time,CDK Global LLC,"Cincinnati, OH",OH,"Cincinnati,"
860,Full-Time,Corning,"Painted Post, NY


View 1 more",NY,"Cincinnati,PaintedPost,View1more"
861,Full-Time,Corning,"Corning, NY",NY,"Corning,"
862,Full-Time,CDK Global LLC,"Hoffman Estates, IL",IL,"HoffmanEstates,"
863,Full-Time,ProClinical,"Waltham, MA",MA,"Waltham,"
864,Full-Time,CDK Global LLC,"Chantilly, VA",VA,"Chantilly,"
865,Full-Time,Altair,"Dulles, VA",VA,"Dulles,"
866,Full-Time,Kleinfelder,"Long Beach, CA


View 21 more",CA,"Dulles,LongBeach,Viewmore"
867,Full-Time,Jazz Pharmaceuticals,"Palo Alto, CA",CA,"PaloAlto,"
868,Full-Time,CDK Global LLC,"Hoffman Estates, IL",IL,"HoffmanEstates,"
869,Full-Time,CDK Global,"Seattle, WA",WA,"Seattle,"
870,Full-Time,Confidential,"Atlanta, GA",GA,"Atlanta,"
871,Full-Time,Eastridge Workforce Solutions,"2355 Northside Drive

San Diego, CA",CA,"Atlanta,2355NorthsideDriveSanDiego,"
872,Full-Time | Pay: $40.00 - $46.00/hour,Manpower,"San Diego, CA",CA,"SanDiego,"
873,Full-Time,Battelle Memorial Institute,"Boulder, CO",CO,"Boulder,"
874,Contract to Hire | Pay: $19.40 - $23.21/hour,Confidential,"Bethlehem, PA",PA,"Bethlehem,"
875,Full-Time,"West Liberty Foods, L.L.C..","Bolingbrook, IL",IL,"Bolingbrook,"
876,Full-Time,Booz Allen Hamilton Inc.,"Dahlgren, VA",VA,"Dahlgren,"
877,Full-Time,CDK Global LLC,"Dallas, TX",TX,"Dallas,"
878,Full-Time,CDK Global,"Orlando, FL",FL,"Orlando,"
879,Full-Time,CDK Global,"Detroit, MI",MI,"Detroit,"
880,Full-Time,CDK Global LLC,"New York, NY",NY,"NewYork,"
881,Full-Time,CDK Global LLC,"Hoffman Estates, IL",IL,"HoffmanEstates,"
882,Full-Time,Battelle Memorial Institute,"Columbus, OH


View 1 more",OH,"HoffmanEstates,Columbus,View1more"
883,Full-Time,WSP / USA,"Sacramento, CA",CA,"Sacramento,"
884,Full-Time | Pay: $60k - $150k/year,CyberCoders,"Washington, DC",DC,"Washington,"
885,Contractor,Apex Life Sciences,"denver, CO",CO,"denver,"
886,Full-Time,Kleinfelder,"Hayward, CA


View 4 more",CA,"denver,Hayward,View4more"
887,Full-Time,Kleinfelder,"Morrisville, NC


View 3 more",NC,"denver,Hayward,View4moreMorrisville,View3more"
888,Full-Time,Indiana University,"Bloomington, IN",IN,"Bloomington,"
889,Full-Time,The United States Pharmacopeial Convention,"Rockville, MD",MD,"Rockville,"
890,Full-Time,Renova Environmental Services LLC,"Ocean Township, NJ",NJ,"OceanTownship,"
891,Full-Time,Universities Space Research Association,"Columbia, MD",MD,"Columbia,"
892,Full-Time,Scientific Research Corp,"North Charleston, SC",SC,"NorthCharleston,"
893,Full-Time,Scientific Research Corp,"Augusta, GA


View 1 more",GA,"NorthCharleston,Augusta,View1more"
894,Full-Time,Scientific Research Corp,"Atlanta, GA",GA,"Atlanta,"
895,Full-Time,Scientific Research Corp,"North Charleston, SC


View 3 more",SC,"Atlanta,NorthCharleston,View3more"
896,Full-Time,Scientific Research Corp,"Augusta, GA",GA,"Augusta,"
897,Full-Time | Pay: $0 - $95k/year,The Albrecht Group,"Cleveland, OH",OH,"Cleveland,"
898,Full-Time,"Allied Search Partners, LLC","Boston, MA",MA,"Boston,"
899,Contractor,Solomon Page,"New York, NY",NY,"NewYork,"
900,Contractor,Revolution Technologies,"South San Francisco, CA",CA,"SouthSanFrancisco,"
901,Full-Time,WSP | Parsons Brinckerhoff,"Sacramento, CA",CA,"Sacramento,"
902,Full-Time | Pay: $100k - $130k/year,CyberCoders,"Chicago, IL",IL,"Chicago,"
903,Full-Time,Apex Systems,"Redwood City California, CA",CA,"RedwoodCityCalifornia,"
904,Full-Time,Kleinfelder,"Pittsburg, CA",CA,"Pittsburg,"
905,Full-Time,Kleinfelder,"Albany, NY


View 1 more",NY,"Pittsburg,Albany,View1more"
906,Contractor,Townsend & Associates,"230 East Grand Avenue

South San Francisco, CA",NY,"Pittsburg,Albany,View1more"
907,Full-Time,Xylem,"College Station, TX",TX,"CollegeStation,"
908,Full-Time,Vencore,"Bernards, NJ",NJ,"Bernards,"
909,Full-Time,Vencore,"Bernards, NJ",NJ,"Bernards,"
910,Full-Time,Vencore,"College Park, MD",MD,"CollegePark,"
911,Full-Time,Vencore,"College Park, MD",MD,"CollegePark,"
912,Contractor,Kforce Technology,"Redwood City, CA",CA,"RedwoodCity,"
913,Full-Time,Calbee North America,"2600 Maxwell Way

Fairfield, CA",CA,"RedwoodCity,2600MaxwellWayFairfield,"
914,Full-Time,BAE Systems,"Columbia, MD",MD,"Columbia,"
915,Full-Time,WuXi AppTec,"Boston, MA


View 1 more",MA,"Columbia,Boston,View1more"
916,Full-Time,Eurofins,"Lancaster, PA",PA,"Lancaster,"
917,Full-Time,Eurofins,"Lancaster, PA",PA,"Lancaster,"
918,Full-Time,Eurofins,"Lancaster, PA",PA,"Lancaster,"
919,Contractor,"Integrated Resources, Inc","San Francisco, CA",CA,"SanFrancisco,"
920,Full-Time,HR Green,"Houston, TX",TX,"Houston,"
921,Full-Time,Volt,"Kansas City, MO",MO,"KansasCity,"
922,Full-Time,American Association for Cancer Research,"615 Chestnut Street

Philadelphia, PA",PA,"KansasCity,615ChestnutStreetPhiladelphia,"
923,Full-Time,Rincon Research Corporation,"Tucson, AZ",AZ,"Tucson,"
924,Full-Time,Rincon Research Corporation,"Tucson, AZ",AZ,"Tucson,"
925,Full-Time,Scientific Research Corp,"Norfolk, VA


View 2 more",VA,"Tucson,Norfolk,View2more"
926,Full-Time,Scientific Research Corp,"Huntsville, AL",AL,"Huntsville,"
927,Full-Time,Scientific Research Corp,"North Charleston, SC",SC,"NorthCharleston,"
928,Full-Time,Scientific Research Corp,"Warner Robins, GA


View 1 more",GA,"NorthCharleston,WarnerRobins,View1more"
929,Full-Time,Miami Children's Hospital,"Miami, FL


View 1 more",FL,"NorthCharleston,WarnerRobins,View1moreMiami,View1more"
930,Full-Time | Pay: 115k - 130k /year,Kelly IT Resources,"San Diego, CA",CA,"SanDiego,"
931,Contractor | Pay: $18.00 - $25.00/hour,Randstad USA,"Minneapolis, MN",MN,"Minneapolis,"
932,Full-Time,ettain group,"Charlotte, NC",NC,"Charlotte,"
933,Full-Time,Apex Life Sciences,"Garland, TX",TX,"Garland,"
934,Full-Time,Johnson & Johnson,"West Chester, PA",PA,"WestChester,"
935,Full-Time,Scientific Research Corp,"Atlanta, GA",GA,"Atlanta,"
936,Full-Time,Scientific Research Corp,"North Charleston, SC",SC,"NorthCharleston,"
937,Full-Time,"Bio Reference Laboratories, Inc","Elmwood Park, NJ",NJ,"ElmwoodPark,"
938,Full-Time,Battelle Memorial Institute,"Columbus, OH",OH,"Columbus,"
939,Full-Time,Altair,"El Segundo, CA


View 1 more",CA,"Columbus,Segundo,View1more"
940,Full-Time,"Foth Production Solutions, LLC","Mehoopany, PA",PA,"Mehoopany,"
941,Full-Time/Part-Time,CORESTAFF Services,"Cambridge, MA",MA,"Cambridge,"
942,Full-Time,Cleared Connections,"Herndon, VA",VA,"Herndon,"
943,Full-Time,Stefanini,"The Woodlands, TX",TX,"TheWoodlands,"
944,Full-Time,Exponent,"149 Commonwealth Drive

Menlo Park, CA",CA,"TheWoodlands,149CommonwealthDriveMenloPark,"
945,Full-Time | Pay: $16.00 - $18.00/hour,Aerotek,"San Juan Capistrano, CA",CA,"SanJuanCapistrano,"
946,Full-Time,Battelle Memorial Institute,"Norwell, MA",MA,"Norwell,"
947,Full-Time,Kleinfelder,"Las Vegas, NV",NV,"LasVegas,"
948,Full-Time,The Judge Group,"Stone Mountain, GA",GA,"StoneMountain,"
949,Full-Time,Scientific Research Corp,"North Charleston, SC",SC,"NorthCharleston,"
950,Full-Time,Altair,"Chandler, AZ",AZ,"Chandler,"
951,Full-Time,Bodycote Thermal Processing,"675 Christian Lane

Berlin, CT",CT,"Chandler,675ChristianLaneBerlin,"
952,Full-Time,Scientific Research Corp,"North Charleston, SC",SC,"NorthCharleston,"
953,Full-Time,Computer Futures,"Houston, TX",TX,"Houston,"
954,Full-Time,BAE Systems,"Columbia, MD",MD,"Columbia,"
955,Full-Time,Scientific Research Corp,"North Charleston, SC",SC,"NorthCharleston,"
956,Full-Time,Altair,"Auburn Hills, MI",MI,"AuburnHills,"
957,Full-Time,"TEKsystems, Inc","San Diego, CA",CA,"SanDiego,"
958,Full-Time,Johnson & Johnson,"Horsham, PA",PA,"Horsham,"
959,Full-Time,ICM Inc.,"Saint Joseph, MO",MO,"SaintJoseph,"
960,Full-Time,The United States Pharmacopeial Convention,"Rockville, MD",MD,"Rockville,"
961,Seasonal/Temp,American Mobile,"Baltimore, MD


View 1 more",MD,"Rockville,Baltimore,View1more"
962,Full-Time | Pay: $120k - $150k/year,Frank Recruitment Group,"Cambridge, MA",MA,"Cambridge,"
963,Full-Time,Miltenyi Biotec,"Los Angeles, CA


View 1 more",CA,"Cambridge,LosAngeles,View1more"
964,Full-Time,Scientific Research Corp,"North Charleston, SC",SC,"NorthCharleston,"
965,Full-Time,The Eastman Group LLC,"Los Angeles, CA",CA,"LosAngeles,"
966,Full-Time,Kelly Scientific Resources,"Cary, NC


View 1 more",NC,"LosAngeles,Cary,View1more"
967,Full-Time | Pay: $120k - $130k/year,HireStrategy,"Washington, DC",DC,"Washington,"
968,Full-Time,PRIDE Health,"8400 Northwest 36th Street

Miami, FL",FL,"Washington,8400Northwest36thStreetMiami,"
969,Full-Time,Vencore,"Arlington, VA",VA,"Arlington,"
970,Full-Time,Vencore,"College Park, MD",MD,"CollegePark,"
971,Full-Time,Vencore,"McLean, VA",VA,"McLean,"
972,Full-Time,Scientific Research Corp,"North Charleston, SC",SC,"NorthCharleston,"
973,Full-Time,KellyMitchell,"The Woodlands, TX


View 1 more",TX,"NorthCharleston,TheWoodlands,View1more"
974,Contractor,Modis,"Spring, TX


View 1 more",TX,"NorthCharleston,TheWoodlands,View1moreSpring,View1more"
975,Full-Time,Altair,"Tucson, AZ",AZ,"Tucson,"
976,Full-Time,Altair,"New York, NY",NY,"NewYork,"
977,Full-Time,Altair,"Van Buren Charter Township, MI",MI,"NewYork,VanBurenCharterTownship,"
978,Full-Time,Altair,"Dallas, TX",TX,"Dallas,"
979,Full-Time,AbilityLab,"Chicago, IL",IL,"Chicago,"
980,Full-Time,JLL,"Cambridge, MA",MA,"Cambridge,"
981,Full-Time,Scientific Research Corp,"North Charleston, SC


View 2 more",SC,"Cambridge,NorthCharleston,View2more"
982,Full-Time,Scientific Research Corp,"Atlanta, GA",GA,"Atlanta,"
983,Full-Time,Confidential,"Seattle, WA",WA,"Seattle,"
984,Full-Time,"Foth Infrastructure & Environment, LLC","Milwaukee, WI",WI,"Milwaukee,"
985,"Full-Time | Pay: $37,117 - $75,870/year",Tampa Bay Water,"2301 Regional Water Lane

Tampa, FL",FL,"Milwaukee,2301RegionalWaterLaneTampa,"
986,Full-Time,Lucile Packard Foundation for Children's Health,"400 Hamilton Avenue

Palo Alto, CA",CA,"Milwaukee,2301RegionalWaterLaneTampa,400HamiltonAvenuePaloAlto,"
987,Full-Time,"Pace Analytical Services, Inc.","Maplewood, MN",MN,"Maplewood,"
988,Full-Time,Scientific Research Corp,"Aberdeen Proving Ground, MD",MD,"AberdeenProvingGround,"
989,Full-Time,Scientific Research Corp,"Aberdeen Proving Ground, MD",MD,"AberdeenProvingGround,"
990,Full-Time,Scientific Research Corp,"Aberdeen Proving Ground, MD",MD,"AberdeenProvingGround,"
991,Contractor,Apex Life Sciences,"Seattle, WA",WA,"Seattle,"
992,Full-Time,Kleinfelder,"Taylorsville, UT",UT,"Taylorsville,"
993,Full-Time,COOK PHARMICA,"Bloomington, IN",IN,"Bloomington,"
994,Full-Time,"HDR, Inc.","Nashville, TN",TN,"Nashville,"
995,Contractor,Yoh,"Seattle, WA",WA,"Seattle,"
996,Full-Time,Apex Systems,"San Francisco, CA",CA,"SanFrancisco,"
997,Full-Time,"Pace Analytical Services, Inc.","Oakdale, MN",MN,"Oakdale,"
998,Full-Time,Eurofins,"Saint Charles, MO",MO,"SaintCharles,"
999,Full-Time,Miltenyi Biotec,"2303 Lindbergh Street

Auburn, CA",CA,"SaintCharles,2303LindberghStreetAuburn,"
